full_name,goals_scored,assists,total_points,minutes,goals_conceded,creativity,influence,threat,bonus,bps,ict_index,clean_sheets,red_cards,yellow_cards,selected_by_percent,id
Aaron Cresswell,1,9,178,5184,95,847.4000000000001,997.8000000000001,314.0,11,947,216.2,15,1,9,3.5,897
Aaron Lennon,0,5,87,2415,35,296.6,310.2,351.0,0,308,95.6,8,0,2,0.4,295
Aaron Mooy,4,3,113,3066,52,848.8,753.2,350.0,8,576,195.2,10,0,4,4.7,172
Aaron Ramsdale,0,0,0,0,0,0.0,0.0,0.0,0,0,0.0,0,0,0,0.1,1226
Aaron Ramsey,8,14,186,3080,45,839.5,888.4000000000001,1230.0,15,743,295.5,13,0,3,5.6,34
Aaron Wan-Bissaka,0,0,15,627,10,60.0,207.2,2.0,0,116,26.8,2,0,1,0.0,1191
Abdelhamid Sabiri,0,1,10,217,5,40.6,30.8,53.0,0,30,12.4,1,0,1,0.0,522
Abdoulaye Doucouré,8,4,174,4676,95,774.0,1038.4,791.0,16,905,260.8,13,0,14,11.0,896
Abdul Rahman Baba,0,0,0,0,0,0.0,0.0,0.0,0,0,0.0,0,0,0,0.0,80
Abel Hernández,4,4,72,1425,23,190.4,219.4,532.0,6,208,93.6,4,0,0,0.9,163
Adam Clayton,0,2,70,2804,45,323.3,454.6,71.0,0,427,84.8,10,0,10,0.8,283
Adam Federici,0,0,8,180,3,0.0,34.4,0.0,1,37,3.5,1,0,1,2.3000000000000003,61
Adam Forshaw,0,2,77,2695,36,511.6,275.6,240.0,3,401,102.5,9,0,4,0.4,286
Adam Lallana,8,7,152,2572,33,806.4,712.0,953.0,14,580,246.8,10,0,4,9.4,433
Adam Legzdins,0,0,0,0,0,0.0,0.0,0.0,0,0,0.0,0,0,0,0.1,545
Adam Matthews,0,0,0,0,0,0.0,0.0,0.0,0,0,0.0,0,0,0,0.0,345
Adam Reach,0,0,0,0,0,0.0,0.0,0.0,0,0,0.0,0,0,0,0.0,285
Adam Smith,2,8,160,5168,99,855.3,1021.6,386.0,15,1021,226.6,10,0,12,7.4,69
Adama Diomande,2,0,42,1171,29,195.4,141.0,259.0,2,127,58.7,2,0,1,3.6,164
Adama Traoré,0,1,52,1543,22,320.5,283.2,176.0,2,264,77.9,6,0,1,0.1,563
Ademola Lookman,1,1,26,442,8,36.0,67.8,236.0,0,63,33.6,1,0,0,0.1,784
Adlène Guédioura,0,1,26,861,20,169.2,123.6,100.0,0,131,38.7,0,0,2,0.1,415
Adnan Januzaj,0,3,49,1628,38,470.8,226.2,364.0,0,158,106.4,3,1,3,0.5,261
Adrian Mariappa,0,0,73,2768,56,72.1,624.6,132.0,5,499,82.9,7,0,4,5.300000000000001,961
Adrien Sebastian Perruchet Silva,0,2,23,760,18,120.0,133.2,65.0,0,128,31.8,1,0,3,0.0,589
Adrián San Miguel del Castillo,0,0,136,3150,54,10.0,838.2,0.0,11,685,84.7,12,0,3,4.1,888
Ahmed El-Sayed Hegazi,2,0,114,3386,55,99.5,962.8,196.0,11,646,126.1,10,0,4,17.8,468
Ahmed Elmohamady,0,2,62,2523,63,428.6,464.4,108.0,1,428,99.9,3,1,3,0.2,158
Ahmed Musa,2,0,39,761,20,120.8,132.6,232.0,5,131,47.7,1,0,1,3.4,394
Aiden O'Neill,0,0,3,85,4,5.1,7.6,8.0,0,16,2.1,0,0,0,0.0,1154
Ainsley Maitland-Niles,0,0,26,910,16,141.3,170.6,67.0,0,165,38.0,3,0,1,0.1,1139
Albert Adomah,0,0,3,122,2,20.5,8.4,33.0,0,6,6.0,0,0,0,0.0,281
Alberto Moreno,0,2,67,1569,26,328.4,326.4,138.0,4,407,79.2,6,0,2,2.5999999999999996,408
Aleix García Serrano,0,0,4,77,2,19.1,14.0,0.0,0,25,3.4,0,0,0,0.0,578
Aleksandar Dragovic,0,0,28,766,14,3.6,177.8,35.0,0,166,21.8,4,0,2,0.1,541
Aleksandar Kolarov,1,1,95,2535,27,296.4,639.0,223.0,7,558,116.0,9,0,6,3.1,463
Aleksandar Mitrovic,1,0,10,89,0,44.7,48.2,73.0,0,37,16.6,0,0,0,0.6,303
Alex Baptiste,0,0,0,0,0,0.0,0.0,0.0,0,0,0.0,0,0,0,0.1,522
Alex Bruce,0,0,0,0,0,0.0,0.0,0.0,0,0,0.0,0,0,0,0.1,154
Alex Iwobi,6,10,178,3283,46,1060.7,756.4,1227.0,10,778,304.29999999999995,18,0,2,2.1,42
Alex McCarthy,0,0,52,1620,26,0.0,280.8,0.0,3,278,28.1,4,0,2,0.9,406
Alex Oxlade-Chamberlain,5,14,177,3282,50,1145.0,983.4,910.0,8,816,304.0,9,0,4,3.6,37
Alex Palmer,0,0,0,0,0,0.0,0.0,0.0,0,0,0.0,0,0,0,0.1,1158
Alex Pike,0,0,0,0,0,0.0,0.0,0.0,0,0,0.0,0,0,0,0.0,608
Alex Pritchard,1,2,40,997,12,300.3,173.6,213.0,3,168,68.7,3,0,1,0.1,994
Alexander Manninger,0,0,0,0,0,0.0,0.0,0.0,0,0,0.0,0,0,0,0.3,524
Alexander Sørloth,0,0,8,360,9,74.0,48.6,102.0,0,25,22.5,0,0,0,0.1,620
Alexandre Lacazette,14,5,138,2197,28,566.0,725.6,1291.0,11,543,258.0,10,0,1,7.6,28
Alexis Sánchez,33,21,416,5763,73,2433.5,2181.0,3177.0,45,1349,779.5,24,0,11,32.7,26
Alfie Mawson,6,1,206,5850,101,148.4,1526.4,556.0,16,1203,223.60000000000002,16,0,4,6.0,915
Alfie Whiteman,0,0,0,0,0,0.0,0.0,0.0,0,0,0.0,0,0,0,0.1,566
Alfred N'Diaye,1,0,34,1273,30,98.3,158.8,137.0,2,177,39.1,4,0,7,0.8,644
Ali Gabr,0,0,0,0,0,0.0,0.0,0.0,0,0,0.0,0,0,0,0.1,610
Allan McGregor,0,0,0,0,0,0.0,0.0,0.0,0,0,0.0,0,0,0,0.0,146
Allan-Roméo Nyom,0,3,144,4944,79,481.0,915.6,132.0,12,826,152.6,12,0,15,2.4000000000000004,834
Almen Abdi,0,0,0,0,0,0.0,0.0,0.0,0,0,0.0,0,0,0,0.0,417
Ander Herrera,1,8,141,3722,32,950.1999999999999,887.6,377.0,11,788,221.89999999999998,18,1,10,3.5,540
Anders Lindegaard,0,0,0,0,0,0.0,0.0,0.0,0,0,0.0,0,0,0,0.2,554
Andre Gray,14,6,187,3746,63,574.2,666.8,1242.0,14,540,245.60000000000002,13,0,3,5.3,160
Andrea Ranocchia,2,2,55,1330,31,39.0,444.4,158.0,9,299,64.2,3,0,2,1.3,638
Andreas Christensen,0,0,79,2067,23,66.5,466.6,109.0,4,475,64.3,8,0,0,1.9,470
Andreas Pereira,0,0,0,0,0,0.0,0.0,0.0,0,0,0.0,0,0,0,0.0,739
Andrew Eleftheriou,0,0,0,52,2,0.8,5.2,0.0,0,4,0.6,0,0,0,0.0,605
Andrew Robertson,2,7,184,4676,77,767.3,926.6,274.0,16,1002,196.89999999999998,15,0,7,9.3,627
Andrew Surman,2,6,126,3651,67,484.90000000000003,714.8,211.0,9,651,141.0,9,1,3,3.2,80
Andros Townsend,5,16,237,5640,86,1864.5,1178.4,1098.0,23,1044,414.1,16,0,7,3.6,251
André Ayew,9,8,166,3273,67,516.5,643.8,934.0,7,506,208.3,9,0,6,2.0,823
André Carrillo,1,3,64,1529,31,331.2,271.2,300.0,4,275,90.3,4,0,2,0.0,527
Andy Carroll,10,3,105,2054,40,331.0,497.20000000000005,964.0,12,362,178.0,6,1,8,2.3,925
Andy King,4,1,92,2693,52,239.60000000000002,498.2,371.0,2,442,111.1,2,0,6,3.7,379
Angel Gomes,0,0,1,3,0,3.8,0.8,0.0,0,2,0.5,0,0,0,0.0,680
Angel Rangel,1,0,30,985,27,144.8,246.0,56.0,1,218,44.8,1,0,1,7.5,714
Angelo Ogbonna,1,0,122,4635,91,163.8,1072.1999999999998,196.0,6,842,143.0,11,0,5,4.1,900
Angus Gunn,0,0,0,0,0,0.0,0.0,0.0,0,0,0.0,0,0,0,0.0,668
Anthony Knockaert,3,1,88,2415,29,557.2,404.0,530.0,6,383,149.1,11,1,4,0.6,62
Anthony Martial,13,12,220,3125,26,908.4000000000001,918.2,1327.0,16,705,315.7,18,0,3,5.1,547
Antonio Barragán,0,0,71,2193,32,219.0,442.2,50.0,8,455,71.5,7,0,5,1.0,477
Antonio Martinez Lopez,0,0,0,0,0,0.0,0.0,0.0,0,0,0.0,0,0,0,0.0,567
Antonio Rüdiger,2,1,115,2336,22,83.0,546.6,217.0,8,557,84.8,12,0,4,3.3,103
Antonio Valencia,4,4,266,5224,42,1053.3,1106.4,502.0,22,1272,266.1,28,0,12,24.1,517
Arouna Koné,0,0,6,78,3,19.6,7.8,22.0,0,17,4.9,0,0,0,0.7,144
Arthur Masuaku,0,4,102,2839,53,421.8,604.8,146.0,9,605,117.1,9,0,6,1.3,951
Artur Boruc,0,0,120,3150,63,10.0,815.4,0.0,7,657,82.4,9,0,2,7.5,59
Ashley Barnes,15,3,173,3924,50,551.9000000000001,736.0,1460.0,19,531,271.3,11,1,16,7.5,163
Ashley Fletcher,0,0,16,367,13,64.2,30.6,160.0,0,33,24.4,0,0,2,0.6000000000000001,994
Ashley Westwood,0,1,48,1656,26,199.10000000000002,233.2,92.0,1,257,52.5,3,0,5,0.1,729
Ashley Williams,2,3,183,4990,71,158.1,1445.6,421.0,12,1071,202.8,18,2,10,10.799999999999999,502
Ashley Young,2,7,124,3204,32,669.3,748.6,274.0,12,633,169.2,13,0,9,2.5,537
Asmir Begovic,0,0,114,3600,66,20.0,804.0,0.0,6,648,82.1,6,0,2,4.3,103
Axel Tuanzebe,0,0,15,304,4,27.7,32.6,18.0,0,72,7.8,2,0,0,1.4000000000000001,928
Aymeric Laporte,0,0,35,806,5,52.8,165.8,34.0,2,204,25.4,4,0,1,1.5,612
Ayoze Pérez,8,6,124,2486,28,539.0,571.8,809.0,15,420,191.7,8,0,3,6.5,302
Bacary Sagna,0,1,55,1346,14,152.1,223.2,53.0,3,316,42.8,6,0,2,1.7,224
Bafétimbi Gomis,0,0,0,0,0,0.0,0.0,0.0,0,0,0.0,0,0,0,0.0,377
Baily Cargill,0,0,1,13,0,0.0,4.2,0.0,0,5,0.4,0,0,0,0.0,649
Bakary Sako,3,0,43,608,15,134.7,165.0,259.0,1,144,55.599999999999994,1,0,0,0.1,249
Bamidele Alli,27,24,400,5993,50,1657.2,1744.8000000000002,2204.0,29,1244,560.5,33,0,11,46.099999999999994,786
Bartosz Kapustka,0,0,0,0,0,0.0,0.0,0.0,0,0,0.0,0,0,0,0.1,497
Bastian Schweinsteiger,0,0,0,0,0,0.0,0.0,0.0,0,0,0.0,0,0,0,0.1,265
Ben Davies,3,10,233,4062,33,1148.4,1062.0,357.0,19,1058,256.8,20,0,4,27.099999999999998,767
Ben Foster,0,0,236,6750,106,40.3,1483.8,5.0,15,1264,153.3,16,0,4,22.0,851
Ben Gibson,1,1,121,3420,53,55.7,818.4,248.0,14,682,112.2,11,0,4,8.8,278
Ben Hamer,0,0,9,274,7,0.0,51.8,0.0,0,54,5.1,1,0,0,0.1,773
Ben Hinchcliffe,0,0,0,0,0,0.0,0.0,0.0,0,0,0.0,0,0,0,0.0,545
Ben Johnson,0,0,0,0,0,0.0,0.0,0.0,0,0,0.0,0,0,0,0.0,573
Ben Mee,1,2,184,5625,76,168.2,1638.6,630.0,12,1083,244.0,18,0,10,9.5,133
Ben Watson,0,0,13,509,14,47.4,79.8,10.0,0,67,13.7,0,1,1,0.7,904
Ben Woodburn,0,0,6,92,1,14.899999999999999,7.800000000000001,36.0,0,17,5.9,0,0,0,0.3,836
Ben Wynter,0,0,0,0,0,0.0,0.0,0.0,0,0,0.0,0,0,0,0.1,585
Beni Baningime,0,0,7,192,2,3.8,9.4,0.0,0,20,1.3,0,0,1,0.0,563
Benik Afobe,6,6,112,1992,36,383.3,383.8,858.0,9,332,162.10000000000002,5,0,1,1.4,101
Benjamin Chilwell,1,2,84,2547,48,380.5,519.8,151.0,4,517,105.2,7,1,3,3.3000000000000003,692
Benjamin Mendy,0,1,20,360,1,139.3,84.2,48.0,1,96,27.2,2,0,2,0.4,484
Beram Kayal,0,0,25,735,14,137.0,111.2,48.0,0,115,29.6,1,0,2,0.1,64
Bernardo Espinosa Zúñiga,0,0,35,975,13,10.0,224.8,39.0,3,198,27.4,4,0,2,0.1,280
Bernardo Mota Veiga de Carvalho e Silva,6,5,112,1514,10,508.7,475.6,464.0,8,440,144.4,9,0,0,1.4,256
Bertrand Traore,0,0,0,0,0,0.0,0.0,0.0,0,0,0.0,0,0,0,0.0,91
Billy Jones,1,0,56,2270,49,387.5,476.8,270.0,6,368,113.5,5,0,8,0.1,343
Boaz Myhill,0,0,1,90,1,0.0,12.2,0.0,0,7,1.2,0,0,1,3.5,849
Bojan Krkic,3,0,30,475,12,84.5,125.4,114.0,4,93,32.1,0,0,1,0.7,335
Bojan Krkic Perez,0,0,2,71,1,13.3,0.0,6.0,0,5,1.9,0,0,0,0.0,344
Borja Bastón,1,2,32,561,11,91.9,59.0,190.0,1,83,33.1,1,0,0,0.0,507
Bradley Guzan,0,0,36,900,17,0.0,228.4,0.0,3,197,22.9,3,0,0,0.7,490
Bradley Smith,0,0,4,269,9,30.3,28.6,27.0,0,35,8.6,0,0,1,5.7,234
Brahim Diaz,0,0,5,50,1,5.6,6.8,53.0,0,14,6.6,0,0,0,0.0,493
Brandon Mason,0,0,1,113,5,0.8,11.4,0.0,0,13,1.2,0,0,0,1.2000000000000002,1027
Branislav Ivanovic,0,1,23,589,9,69.4,114.6,112.0,2,143,29.4,1,0,2,2.7,76
Brendan Galloway,0,0,9,247,3,18.4,33.0,25.0,0,44,7.5,1,0,0,0.2,129
Brian Lenihan,0,0,0,0,0,0.0,0.0,0.0,0,0,0.0,0,0,0,1.1,148
Brice Dja Djédjé,0,0,0,0,0,0.0,0.0,0.0,0,0,0.0,0,0,0,0.0,481
Bruno Martins Indi,1,0,126,4388,78,82.69999999999999,924.4000000000001,326.0,9,805,133.7,12,0,7,0.7,1075
Bruno Saltor Grau,0,0,84,2014,23,174.1,360.4,35.0,8,423,57.2,10,0,3,0.8,58
Bryan Oviedo,0,0,29,1323,26,155.4,250.6,37.0,0,223,44.4,3,0,4,0.1,140
Callum Hudson-Odoi,0,0,2,27,1,1.7,8.8,27.0,0,11,3.8,0,0,0,0.0,583
Callum McManaman,0,0,0,0,0,0.0,0.0,0.0,0,0,0.0,0,0,0,0.1,443
Callum Wilson,14,3,165,3342,58,414.09999999999997,621.2,1286.0,15,452,229.7,12,0,0,5.6,97
Calum Chambers,2,1,106,3114,51,147.0,920.0,214.0,7,670,128.2,9,0,5,3.8,491
Cameron Borthwick-Jackson,0,0,0,0,0,0.0,0.0,0.0,0,0,0.0,0,0,0,0.0,252
Cameron Brannagan,0,0,0,0,0,0.0,0.0,0.0,0,0,0.0,0,0,0,0.1,210
Cameron Carter-Vickers,0,0,0,0,0,0.0,0.0,0.0,0,0,0.0,0,0,0,0.0,1012
Carl Jenkinson,0,0,2,82,1,2.0,19.4,0.0,0,12,2.1,0,0,0,0.30000000000000004,18
Carl Stewart,0,0,0,0,0,0.0,0.0,0.0,0,0,0.0,0,0,0,0.0,1235
Carlos De Pena,0,0,0,0,0,0.0,0.0,0.0,0,0,0.0,0,0,0,0.2,287
Cenk Tosun,5,0,55,984,13,226.4,232.4,304.0,9,192,75.6,4,0,0,2.1,592
Cesc Fàbregas,7,19,210,3640,40,2231.1,1348.8,810.0,21,1068,439.0,15,1,12,6.4,188
Chancel Mbemba,0,0,20,670,11,67.1,158.2,6.0,3,133,23.2,1,0,0,10.1,494
Charlie Adam,1,4,69,1896,32,592.0,336.59999999999997,412.0,5,275,133.8,8,1,9,0.4,666
Charlie Austin,13,2,134,1958,23,223.70000000000002,577.0,1262.0,19,433,205.60000000000002,10,0,3,3.2,640
Charlie Daniels,5,6,228,6061,103,1008.0,1280.4,498.0,18,1279,278.8,16,0,1,16.5,67
Charlie Rowan,0,0,0,0,0,0.0,0.0,0.0,0,0,0.0,0,0,0,0.0,619
Charlie Taylor,0,0,23,949,12,86.8,184.2,4.0,0,132,27.5,2,0,3,0.4,81
Charly Musonda,0,1,6,35,0,18.5,20.6,14.0,0,15,5.0,0,0,0,0.0,471
Cheikhou Kouyaté,3,4,165,5521,102,409.79999999999995,938.8,520.0,5,805,186.6,16,0,8,1.0,910
Chris Brunt,3,12,180,4394,60,1325.6,931.2,495.0,17,842,276.0,13,0,10,2.8,872
Chris Long,0,0,0,0,0,0.0,0.0,0.0,0,0,0.0,0,0,0,0.3,72
Chris Löwe,0,0,60,1585,26,125.5,266.0,39.0,0,321,43.0,7,0,1,1.1,165
Chris Smalling,5,1,175,3752,40,71.4,1086.4,325.0,10,872,148.6,15,0,4,12.6,507
Chris Wood,10,1,104,1621,11,203.5,442.0,692.0,20,314,133.8,10,0,1,1.7,518
Christian Atsu,2,4,78,1776,22,340.6,308.8,480.0,5,236,112.9,6,0,1,1.2,300
Christian Benteke,18,9,220,5365,94,891.0999999999999,965.4000000000001,2607.0,18,556,443.6,13,0,16,12.0,347
Christian Eriksen,19,30,417,6377,57,3166.2,2047.1999999999998,2265.0,53,1624,747.9,33,0,0,37.3,781
Christian Fuchs,2,5,161,5020,92,818.5999999999999,1198.6,207.0,18,1049,222.9,12,0,11,7.6,360
Christian Kabasele,4,0,103,3100,58,101.1,845.4,303.0,3,550,125.4,7,0,6,0.5,817
Christopher Schindler,0,2,102,3264,53,107.1,928.0,149.0,15,692,119.1,9,1,6,3.2,164
Chuba Akpom,0,0,0,0,0,0.0,0.0,0.0,0,0,0.0,0,0,0,0.1,493
Chung-yong Lee,0,1,32,602,16,157.0,75.60000000000001,54.0,0,126,28.5,2,0,0,0.6,245
Ciaran Clark,2,1,64,1745,30,50.8,433.6,190.0,6,317,67.5,4,0,3,1.5,289
Claudio Bravo,0,0,83,2192,27,0.0,337.4,0.0,4,408,33.4,7,0,0,1.7,782
Claudio Yacob,0,0,77,3316,53,137.6,488.8,92.0,0,490,72.2,7,0,14,0.4,871
Clinton N'Jie,0,0,0,0,0,0.0,0.0,0.0,0,0,0.0,0,0,0,0.0,404
Collin Quaner,0,4,44,1268,23,255.7,209.0,283.0,0,173,74.8,3,0,4,4.8,186
Connor Goldson,0,0,6,199,5,3.5,40.4,55.0,0,36,9.9,1,0,1,2.6,61
Connor Mahoney,0,0,0,0,0,0.0,0.0,0.0,0,0,0.0,0,0,0,0.0,585
Connor Randall,0,0,0,0,0,0.0,0.0,0.0,0,0,0.0,0,0,0,1.7,196
Connor Roberts,0,0,7,267,4,12.8,26.2,2.0,0,41,4.1,0,0,0,0.3,1252
Connor Wickham,2,0,18,412,6,36.2,87.6,132.0,0,59,25.0,0,0,1,0.3,255
Conor Masterson,0,0,0,0,0,0.0,0.0,0.0,0,0,0.0,0,0,0,0.0,639
Costel Pantilimon,0,0,2,83,4,0.0,41.6,0.0,0,20,4.1,0,0,0,0.5,802
Craig Cathcart,0,1,45,1657,27,63.7,345.2,68.0,3,273,47.800000000000004,3,0,4,0.2,807
Craig Dawson,6,1,189,5786,89,498.40000000000003,1372.0,716.0,10,953,259.1,14,0,16,4.0,857
Craig Gardner,0,1,14,218,6,137.9,35.4,11.0,0,52,18.3,1,0,1,0.1,440
Cristhian Stuani,4,0,54,1355,15,132.4,224.0,430.0,4,203,78.3,4,0,4,2.4,293
Cristian Gamboa,0,0,0,0,0,0.0,0.0,0.0,0,0,0.0,0,0,0,0.4,435
Cuco Martina,0,2,86,2422,36,353.5,563.0,59.0,5,507,97.60000000000001,8,0,2,1.5,766
Curtis Davies,0,2,38,2135,53,33.0,644.6,128.0,3,368,80.5,1,0,4,1.3,149
Curtis Jones,0,0,0,0,0,0.0,0.0,0.0,0,0,0.0,0,0,0,0.0,640
Cédric Soares,0,6,187,5309,80,1104.5,1098.0,314.0,13,1065,251.89999999999998,18,0,10,6.7,611
César Azpilicueta,3,11,345,6750,71,958.5,1760.1999999999998,318.0,47,1785,304.3,31,0,5,39.1,174
Dael Fry,0,0,0,0,0,0.0,0.0,0.0,0,0,0.0,0,0,0,0.5,277
Dale Stephens,0,3,87,3240,50,272.5,625.8,176.0,2,550,107.7,10,0,6,1.2,63
Daley Blind,1,2,126,2190,17,519.6,599.8,137.0,15,644,125.5,13,0,2,5.6000000000000005,524
Damian Emiliano Martinez,0,0,8,180,3,0.0,30.6,0.0,0,35,3.1,1,0,0,1.2,660
Damien Delaney,0,2,52,2109,44,79.89999999999999,536.6,67.0,3,363,68.1,3,0,8,0.7,228
Dan Gosling,4,1,108,3307,65,443.9,650.4,442.0,6,508,153.8,5,0,14,0.2,86
Daniel Agyei,0,0,3,25,0,0.3,1.0,11.0,0,6,0.8,0,0,0,0.0,651
Daniel Amartey,1,1,66,2159,42,214.3,335.6,109.0,3,315,66.2,7,1,3,0.4,386
Daniel Ayala,1,0,31,918,16,10.4,220.8,166.0,0,174,39.8,3,0,3,0.1,275
Daniel Bachmann,0,0,0,0,0,0.0,0.0,0.0,0,0,0.0,0,0,0,0.1,582
Daniel Batty,0,0,0,0,0,0.0,0.0,0.0,0,0,0.0,0,0,0,0.0,676
Daniel Drinkwater,2,1,93,2986,51,395.20000000000005,518.2,267.0,4,501,117.7,9,0,6,3.8000000000000003,381
Daniel James,0,0,0,0,0,0.0,0.0,0.0,0,0,0.0,0,0,0,0.0,598
Daniel Kemp,0,0,0,0,0,0.0,0.0,0.0,0,0,0.0,0,0,0,0.0,675
Daniel Lafferty,0,0,0,0,0,0.0,0.0,0.0,0,0,0.0,0,0,0,0.3,502
Daniel Sturridge,5,6,86,1316,15,412.70000000000005,339.0,796.0,2,311,154.2,6,0,1,2.5,450
Danilo Luiz da Silva,3,2,100,1340,11,158.1,376.0,176.0,8,398,71.1,9,0,2,2.8,483
Danny Ings,1,1,18,262,0,42.0,57.8,143.0,0,53,24.0,3,0,0,0.4,453
Danny Rose,2,5,108,2330,25,553.1,546.8,354.0,6,493,145.5,10,0,12,4.6,761
Danny Simpson,0,3,140,5294,91,320.2,975.4000000000001,92.0,4,871,138.60000000000002,14,0,16,4.300000000000001,365
Danny Ward,0,0,0,0,0,0.0,0.0,0.0,0,0,0.0,0,0,0,0.0,530
Danny Welbeck,7,4,107,1926,32,302.70000000000005,454.6,756.0,6,366,151.5,7,0,1,2.0,52
Danny Williams,0,0,28,1115,22,83.0,131.4,56.0,0,134,27.0,0,0,2,0.0,184
Darren Fletcher,3,4,170,5448,94,722.1,739.4,332.0,5,790,179.0,12,0,0,8.5,785
Darren Randolph,0,0,69,1980,39,0.0,484.8,0.0,5,370,48.7,4,0,1,1.3,890
Darron Gibson,0,0,17,640,12,51.5,72.4,16.0,0,101,13.8,1,0,4,0.1,138
Daryl Janmaat,5,2,109,3432,70,452.9,754.4,507.0,3,603,171.7,4,0,5,0.6000000000000001,944
Daryl Murphy,0,0,0,0,0,0.0,0.0,0.0,0,0,0.0,0,0,0,0.7,304
David De Gea,0,0,172,3330,28,10.0,821.2,0.0,10,757,83.4,18,0,0,44.3,260
David Jones,0,0,1,86,1,11.7,0.0,2.0,0,8,1.3,0,0,1,0.0,61
David Luiz Moreira Marinho,2,3,164,3792,39,180.4,861.2,345.0,10,861,138.7,18,1,9,13.1,671
David Marshall,0,0,32,1440,44,0.3,423.0,0.0,0,262,42.3,0,0,0,0.1,554
David Meyler,1,0,33,962,23,123.6,164.6,81.0,0,179,37.1,2,0,2,0.2,161
David Nugent,0,0,4,43,0,3.3,3.4,2.0,0,11,0.7,0,0,0,0.2,291
David Ospina,0,0,21,523,7,0.0,104.6,0.0,1,104,10.6,2,0,0,0.4,2
David Silva,13,20,299,5191,50,2506.9,1547.0,1668.0,38,1292,572.7,26,0,11,14.3,478
David de Gea,0,0,136,3150,29,10.0,542.4,0.0,5,575,55.0,14,0,2,33.2,242
Davide Zappacosta,1,1,58,1087,15,245.3,255.2,329.0,1,226,82.6,5,0,0,0.2,543
Davinson Sánchez,0,0,107,2532,21,74.8,598.0,89.0,8,597,76.2,13,1,1,1.2,520
Davy Klaassen,0,0,7,248,6,33.7,23.0,28.0,0,18,8.3,0,0,0,0.4,158
Davy Pröpper,0,4,87,3118,50,297.1,535.8,255.0,1,446,108.9,9,1,2,0.1,490
DeAndre Yedlin,0,2,88,2842,37,340.7,494.4,63.0,5,467,90.0,7,0,5,1.9,677
Dean Marney,1,2,51,1764,28,88.7,244.4,73.0,1,239,40.5,5,0,7,0.4,147
Dean Whitehead,0,0,4,68,3,1.1,6.6,0.0,0,16,0.8,0,0,0,0.1,178
Declan Rice,0,0,42,1422,29,36.0,311.0,29.0,0,283,37.6,3,0,1,0.1,1128
Dejan Lovren,4,2,216,4677,55,223.7,1371.8,478.0,16,1128,207.3,22,0,10,7.1,406
Demarai Gray,4,7,138,2732,55,681.6,511.0,694.0,2,518,188.9,8,0,4,1.1,384
Demetri Mitchell,0,0,8,90,0,31.6,24.8,0.0,2,35,5.6,1,0,0,0.0,669
Diafra Sakho,3,1,36,475,15,44.7,119.39999999999999,155.0,3,97,31.9,0,0,2,0.2,928
Didier Ndong,1,1,67,2520,48,310.1,340.4,140.0,1,397,78.9,5,0,5,0.0,1177
Diego Cavalieri,0,0,0,0,0,0.0,0.0,0.0,0,0,0.0,0,0,0,0.0,633
Diego Da Silva Costa,20,11,196,3083,30,687.9,982.6,1891.0,25,657,355.0,14,0,10,32.6,211
Dieumerci Mbokani,0,2,27,764,16,107.3,52.4,235.0,0,43,39.6,3,0,0,0.0,569
Dimitri Payet,2,8,81,1513,28,1096.6,414.0,516.0,10,347,202.6,4,0,2,6.2,461
Dimitrios Konstantopoulos,0,0,0,0,0,0.0,0.0,0.0,0,0,0.0,0,0,0,0.1,273
Dion Henry,0,0,0,0,0,0.0,0.0,0.0,0,0,0.0,0,0,0,0.1,555
Dion Pereira,0,0,2,25,1,14.6,4.2,4.0,0,6,2.3,0,0,0,0.0,659
Dionatan do Nascimento Teixeira,0,0,0,0,0,0.0,0.0,0.0,0,0,0.0,0,0,0,0.4,326
Divock Origi,7,4,97,1478,19,264.4,360.0,551.0,8,300,116.1,7,0,0,5.7,455
Dodi Lukebakio,0,0,1,15,1,24.7,6.6,5.0,0,5,3.6,0,0,0,0.0,615
Domingos Quina,0,0,0,0,0,0.0,0.0,0.0,0,0,0.0,0,0,0,0.0,1178
Dominic Calvert-Lewin,5,8,105,2218,35,332.6,407.2,712.0,4,301,144.29999999999998,6,0,5,3.6,754
Dominic Solanke,1,2,38,581,4,199.4,123.8,350.0,2,107,66.4,3,0,0,1.6,829
Donald Love,0,1,21,611,11,73.6,157.6,17.0,1,133,24.9,1,0,1,4.2,506
Dujon Sterling,0,0,0,0,0,0.0,0.0,0.0,0,0,0.0,0,0,0,0.0,600
Duncan Watmore,0,5,43,1025,20,159.7,118.6,241.0,1,125,51.4,2,0,1,0.1,353
Dusan Kuciak,0,0,0,0,0,0.0,0.0,0.0,0,0,0.0,0,0,0,0.2,517
Dusan Tadic,9,10,230,5202,72,2095.0,1044.0,1475.0,14,840,461.5,23,0,8,5.2,626
Dwight Gayle,6,3,94,1946,31,333.6,352.0,808.0,8,276,148.7,6,0,3,1.1,301
Dwight McNeil,0,0,1,1,0,0.0,0.0,0.0,0,3,0.0,0,0,0,0.0,646
Eden Hazard,28,15,397,5402,56,2434.1,1972.6,2277.0,57,1568,668.9000000000001,29,0,5,37.0,186
Ederson Santana de Moraes,0,0,158,3195,26,10.0,546.2,0.0,10,666,55.6,16,0,1,9.0,240
Edimilson Fernandes,0,3,67,1842,38,207.2,218.6,286.0,0,271,70.9,5,0,5,0.2,998
Eduardo Dos Reis Carvalho,0,0,0,0,0,0.0,0.0,0.0,0,0,0.0,0,0,0,0.0,663
Eduardo dos Reis Carvalho,0,0,0,0,0,0.0,0.0,0.0,0,0,0.0,0,0,0,0.1,95
Edward Nketiah,0,0,3,17,1,1.9,5.0,17.0,0,10,2.3,0,0,0,0.0,560
Eldin Jakupovic,0,0,90,2160,42,0.3,622.0,4.0,7,467,62.599999999999994,5,0,0,22.0,620
Eliaquim Mangala,0,0,22,617,7,19.9,113.8,32.0,0,118,16.8,2,0,0,0.4,727
Elias Kachunga,1,1,46,1327,23,152.1,151.0,246.0,0,151,54.5,6,0,1,0.1,181
Elliot Embleton,0,0,0,0,0,0.0,0.0,0.0,0,0,0.0,0,0,0,0.0,617
Elliott Moore,0,0,0,0,0,0.0,0.0,0.0,0,0,0.0,0,0,0,0.0,670
Emerson Hyndman,0,0,1,58,1,12.5,5.0,0.0,0,6,1.8,0,0,0,0.0,629
Emerson Palmieri dos Santos,0,1,14,278,4,28.7,61.8,48.0,0,68,13.8,1,0,0,0.1,614
Emilio Nsue Lopez,0,0,10,320,5,31.9,47.6,38.0,0,49,11.9,1,0,0,0.2,279
Emre Can,8,8,196,4460,57,970.9,1058.6,731.0,22,935,275.9,17,0,14,7.0,431
Enner Valencia,3,3,54,927,12,117.6,194.2,490.0,3,173,79.0,2,0,1,1.7,929
Erdal Rakip,0,0,0,0,0,0.0,0.0,0.0,0,0,0.0,0,0,0,0.0,606
Eric Bailly,1,0,160,3058,21,59.4,703.2,177.0,17,790,94.2,20,0,6,14.0,526
Eric Dier,2,2,178,5865,54,517.2,1267.8000000000002,604.0,6,982,239.3,31,0,10,7.5,774
Eric Maxim Choupo-Moting,5,5,107,2241,45,327.5,505.6,851.0,9,341,168.1,5,0,3,1.9,497
Erik Lamela,3,5,83,1421,14,558.3,326.6,589.0,5,279,146.9,8,0,5,3.4,779
Erik Pieters,0,3,174,5868,100,601.0,1150.6,188.0,10,1070,194.39999999999998,17,0,10,7.1000000000000005,653
Erwin Mulder,0,0,0,0,0,0.0,0.0,0.0,0,0,0.0,0,0,0,0.1,576
Ethan Ampadu,0,0,1,10,1,0.0,7.4,0.0,0,6,0.7,0,0,0,0.0,558
Ethan Robson,0,0,0,0,0,0.0,0.0,0.0,0,0,0.0,0,0,0,0.0,615
Etienne Capoue,8,3,179,4741,89,862.6999999999999,857.8,663.0,14,806,238.39999999999998,11,0,8,24.299999999999997,825
Eunan O'Kane,0,0,0,0,0,0.0,0.0,0.0,0,0,0.0,0,0,0,0.3,40
Evandro Goebel,0,0,18,576,10,171.0,42.4,20.0,0,88,23.2,3,0,1,0.0,630
Ezekiel Fryers,0,1,9,188,7,36.3,41.6,8.0,0,38,8.6,0,0,0,0.0,580
Ezequiel Schelotto,0,0,20,1313,30,99.2,210.0,73.0,0,183,38.2,0,0,3,0.1,538
Fabian Delph,2,2,68,1964,21,306.0,437.4,105.0,0,460,84.7,6,0,3,0.6,473
Fabio Borini,2,0,49,1742,34,257.3,217.0,406.0,3,177,87.4,5,0,5,0.6,354
Fabio Pereira da Silva,0,0,58,1847,30,273.9,355.8,39.0,8,347,67.1,6,0,8,0.4,527
Federico Fernández,1,2,148,5106,85,113.60000000000001,1315.4,393.0,14,935,182.9,13,0,12,5.199999999999999,717
Fernando Francisco Reges,0,0,18,568,10,65.7,115.2,29.0,1,106,21.0,1,0,3,0.2,485
Fernando Llorente,16,3,168,2666,53,556.3000000000001,700.0,1185.0,24,582,242.9,6,0,3,9.6,871
Fernando Luiz Rosa,7,5,198,5635,51,1087.6,1346.8000000000002,775.0,12,1079,320.9,25,2,11,6.1,483
Fikayo Tomori,0,0,0,0,0,0.0,0.0,0.0,0,0,0.0,0,0,0,0.0,503
Filip Lesniak,0,1,4,5,0,11.2,18.6,0.0,0,14,3.0,0,0,0,0.0,671
Florent Hadergjonaj,0,1,51,1670,28,381.8,310.0,95.0,5,274,78.8,4,0,3,0.1,521
Florian Lejeune,0,2,66,2103,32,92.3,557.0,139.0,6,406,78.9,5,0,3,0.9,294
Florin Gardos,0,0,0,0,0,0.0,0.0,0.0,0,0,0.0,0,0,0,0.1,300
Fousseni Diabaté,0,1,21,579,12,130.8,98.6,67.0,0,72,29.7,0,0,1,0.1,601
Fraizer Campbell,1,0,16,165,4,25.9,42.4,84.0,0,56,15.2,0,0,0,1.0,121
Francis Coquelin,0,1,59,1943,33,331.0,313.8,125.0,1,338,77.2,5,0,5,2.4,40
Francisco Femenía Far,1,1,65,1709,34,302.8,327.2,113.0,9,389,74.5,5,0,2,1.4,407
Franck Tabanou,0,0,0,0,0,0.0,0.0,0.0,0,0,0.0,0,0,0,0.0,364
Fraser Forster,0,0,207,5220,78,10.0,1041.8,0.0,10,976,105.3,18,0,3,8.9,600
Freddie Woodman,0,0,0,0,0,0.0,0.0,0.0,0,0,0.0,0,0,0,0.1,529
Fredrik Ulvestad,0,0,0,0,0,0.0,0.0,0.0,0,0,0.0,0,0,0,0.1,640
Gabriel Armando de Abreu,0,0,45,1517,18,84.5,295.8,119.0,2,296,50.0,5,0,6,0.9,11
Gabriel Fernando de Jesus,20,11,193,2311,17,526.2,939.4000000000001,1525.0,30,731,297.8,12,0,8,31.8,884
Gareth Barry,3,3,124,4030,63,675.5,857.2,439.0,3,658,197.0,11,0,14,4.0,288
Gareth McAuley,6,1,139,3594,60,79.2,999.1999999999999,369.0,14,649,144.70000000000002,7,0,5,25.2,861
Gary Cahill,6,0,252,5378,56,156.4,1328.2,499.0,17,1225,198.70000000000002,26,1,6,18.3,176
Gastón Ramírez,2,3,59,1539,22,509.9,287.2,364.0,6,244,115.6,6,1,8,0.5,491
Gaël Clichy,1,0,87,2123,24,314.8,407.4,38.0,9,493,76.1,8,0,2,1.9,223
Gaëtan Bong,0,0,63,2237,36,154.6,346.2,18.0,5,369,52.1,6,0,2,0.2,59
Geoff Cameron,0,1,91,3151,55,242.2,619.8,220.0,5,560,108.6,8,0,3,0.6000000000000001,651
George Boyd,2,2,92,2837,45,268.4,330.6,376.0,2,386,97.2,9,0,3,0.2,62
George Friend,0,3,59,1964,35,169.1,436.0,213.0,6,371,82.0,4,0,4,1.8,276
George Honeyman,0,0,7,235,4,42.7,34.2,29.0,0,30,10.6,1,0,1,0.0,587
George Thomas,0,0,0,0,0,0.0,0.0,0.0,0,0,0.0,0,0,0,0.0,587
Georges-Kévin Nkoudou,0,0,19,277,2,57.0,43.0,67.0,0,46,16.4,1,0,1,0.0,957
Georginio Wijnaldum,7,11,234,5355,60,1050.7,990.2,1038.0,15,1056,308.4,26,0,3,3.9000000000000004,717
Gerard Deulofeu,1,1,38,893,9,292.1,147.0,239.0,3,140,67.8,2,0,1,1.2000000000000002,750
Gerhard Tremmel,0,0,0,0,0,0.0,0.0,0.0,0,0,0.0,0,0,0,0.0,682
Giannelli Imbula,0,1,24,796,20,111.3,65.0,44.0,1,126,22.0,2,0,1,0.2,677
Giedrius Arlauskis,0,0,0,0,0,0.0,0.0,0.0,0,0,0.0,0,0,0,0.0,639
Glen Johnson,0,0,61,2503,48,232.89999999999998,436.6,142.0,3,446,81.19999999999999,6,0,4,0.4,660
Glenn Murray,12,0,111,2184,36,271.8,492.4,779.0,16,319,153.1,8,0,9,5.7,71
Glenn Whelan,0,1,62,2276,40,336.6,392.6,41.0,3,380,77.0,7,0,5,0.7,668
Gnegneri Yaya Touré,5,2,102,2168,19,530.3,579.2,407.0,6,521,151.6,12,0,5,1.8,480
Grady Diangana,0,0,0,0,0,0.0,0.0,0.0,0,0,0.0,0,0,0,0.0,636
Granit Xhaka,3,11,194,5742,82,1449.0,1242.2,571.0,10,1099,326.1,22,2,15,10.2,47
Grant Hanley,0,0,0,0,0,0.0,0.0,0.0,0,0,0.0,0,0,0,0.4,292
Grant Leadbitter,1,0,28,710,12,139.9,93.4,88.0,1,125,31.9,3,0,1,0.0,284
Greg Luer,0,0,0,0,0,0.0,0.0,0.0,0,0,0.0,0,0,0,0.1,518
Greg Olley,0,0,0,0,0,0.0,0.0,0.0,0,0,0.0,0,0,0,0.0,514
Grzegorz Krychowiak,0,3,58,1634,30,220.9,271.8,91.0,4,249,58.4,4,0,2,0.1,533
Guido Carrillo,0,1,15,449,8,64.2,50.2,179.0,0,40,29.4,1,0,0,0.0,607
Guillermo Varela,0,0,0,0,0,0.0,0.0,0.0,0,0,0.0,0,0,0,0.0,246
Gylfi Sigurdsson,13,17,277,5584,110,1917.6,1391.0,1511.0,26,1080,482.3,13,0,4,12.700000000000001,727
Gökhan Inler,0,0,0,0,0,0.0,0.0,0.0,0,0,0.0,0,0,0,0.1,180
Gökhan Töre,0,1,10,240,4,87.8,28.2,33.0,0,29,14.6,1,0,0,0.1,467
Hal Robson-Kanu,5,2,84,1517,27,246.6,287.4,519.0,4,227,103.3,5,1,5,0.7,1007
Hamza Choudhury,0,1,13,375,9,20.2,68.0,16.0,0,60,10.4,0,0,1,0.0,571
Harrison Reed,0,0,3,64,1,1.4,11.0,0.0,0,16,1.3,0,0,0,0.1,307
Harry Arter,2,4,111,3915,75,609.1,628.0,412.0,6,669,164.6,12,1,15,0.6,76
Harry Bunn,0,0,0,0,0,0.0,0.0,0.0,0,0,0.0,0,0,0,0.0,179
Harry Kane,58,9,441,5597,53,1050.5,2493.4,3885.0,64,1701,743.4,29,0,8,61.0,797
Harry Lewis,0,0,0,0,0,0.0,0.0,0.0,0,0,0.0,0,0,0,0.0,623
Harry Maguire,4,7,188,5727,113,411.5,1663.4,917.0,15,1199,299.4,13,0,12,11.700000000000001,351
Harry Souttar,0,0,0,0,0,0.0,0.0,0.0,0,0,0.0,0,0,0,0.1,550
Harry Wilson,0,0,0,0,0,0.0,0.0,0.0,0,0,0.0,0,0,0,0.0,653
Harry Winks,1,2,61,1262,15,294.29999999999995,272.4,91.0,0,308,65.9,4,0,1,0.1,904
Harvey Barnes,0,0,3,8,0,1.0,0.2,6.0,0,8,0.6,0,0,0,0.0,642
Henri Saivet,1,0,8,83,2,0.8,49.8,7.0,1,27,5.8,0,0,0,0.0,516
Henrikh Mkhitaryan,7,10,180,3060,25,1240.0,832.6,827.0,12,690,290.0,22,0,3,9.6,549
Heung-Min Son,26,17,352,4355,36,1230.5,1479.1999999999998,2338.0,29,1056,504.7,24,0,2,25.0,792
Heurelho Gomes,0,0,177,5465,104,10.2,1291.4,0.0,10,1075,130.0,12,0,1,2.9,804
Hiram Boateng,0,0,0,0,0,0.0,0.0,0.0,0,0,0.0,0,0,0,0.0,543
Hugo Lloris,0,0,287,6244,59,20.1,1391.0,2.0,12,1359,141.0,30,0,1,17.200000000000003,755
Håvard Nordtveit,0,1,31,957,20,63.3,155.4,43.0,0,160,26.1,3,0,2,0.1,465
Héctor Bellerín,3,9,251,5553,78,1069.3,991.6,879.0,23,1225,293.9,22,0,9,24.200000000000003,13
Ibrahim Afellay,0,0,21,546,14,60.7,44.6,63.0,0,92,16.6,0,0,1,0.0,673
Idrissa Gueye,3,4,167,5430,76,737.7,1132.8,403.0,16,1092,227.5,18,1,17,1.3,643
Ikechi Anya,0,0,1,10,0,0.0,0.0,0.0,0,3,0.0,0,0,0,0.0,419
Ilkay Gündogan,7,3,123,2208,23,616.0,568.2,607.0,11,572,178.9,9,0,3,3.5999999999999996,489
Isaac Hayden,1,0,41,1365,25,164.7,273.6,144.0,0,171,58.2,3,0,7,0.2,496
Isaac Success,1,1,28,519,9,96.7,146.2,225.0,0,87,46.8,1,0,2,0.0,837
Isaiah Brown,0,0,16,302,8,86.2,33.2,25.0,0,60,14.5,0,0,0,0.0,481
Islam Slimani,8,5,108,1650,27,369.2,421.4,631.0,10,347,140.9,6,0,2,0.8999999999999999,779
Jack Butland,0,0,145,3600,69,10.0,1135.2,0.0,18,791,114.7,8,0,0,3.4,644
Jack Colback,0,0,0,0,0,0.0,0.0,0.0,0,0,0.0,0,0,0,0.7,299
Jack Cork,2,2,150,5652,90,554.8,920.8,433.0,6,881,190.6,15,0,14,3.7,457
Jack Payne,0,0,0,0,0,0.0,0.0,0.0,0,0,0.0,0,0,0,0.0,177
Jack Rodwell,0,1,38,1492,32,131.0,235.0,233.0,1,200,60.0,2,0,4,0.6,350
Jack Rose,0,0,0,0,0,0.0,0.0,0.0,0,0,0.0,0,0,0,0.2,548
Jack Simpson,0,0,1,71,2,0.0,6.2,0.0,0,10,0.6,0,0,0,0.2,570
Jack Stephens,2,1,118,3451,57,126.5,857.0,282.0,12,701,126.5,11,1,7,5.7,817
Jack Wilshere,1,6,107,3135,61,826.2,566.8,490.0,4,548,187.8,9,0,10,1.2,41
Jacob Murphy,1,2,51,1137,25,159.7,161.8,227.0,2,171,54.7,2,0,0,0.1,478
Jairo Riedewald,0,0,23,435,6,21.5,74.4,12.0,0,100,10.6,2,0,0,0.1,482
Jake Hesketh,0,0,0,0,0,0.0,0.0,0.0,0,0,0.0,0,0,0,0.0,586
Jake Livermore,3,3,166,5641,103,636.6,1011.0,490.0,8,833,214.3,12,1,10,0.5,583
Jakob Haugaard,0,0,0,0,0,0.0,0.0,0.0,0,0,0.0,0,0,0,0.2,886
Jamaal Lascelles,3,0,116,2927,31,77.2,800.0,234.0,9,567,111.5,9,0,5,9.5,290
James Chester,0,0,0,0,0,0.0,0.0,0.0,0,0,0.0,0,0,0,0.0,437
James Collins,3,0,105,2704,48,70.9,847.0,245.0,10,564,116.19999999999999,9,0,6,4.7,893
James Daly,0,0,0,0,0,0.0,0.0,0.0,0,0,0.0,0,0,0,0.1,638
James Husband,0,0,0,58,3,1.5,1.2,0.0,0,3,0.3,0,0,0,0.0,661
James McArthur,10,5,194,4424,74,617.5,891.0,866.0,17,779,236.60000000000002,10,0,10,5.7,241
James McCarthy,1,1,29,817,16,99.7,153.6,88.0,0,141,34.4,0,0,2,0.2,286
James McClean,2,3,97,2868,44,630.3,526.0,639.0,2,389,178.4,8,0,16,0.2,874
James Milner,7,7,216,4913,60,1552.5,1356.2,765.0,20,1141,367.7,18,0,8,7.3,430
James Morrison,6,2,97,1946,23,389.29999999999995,407.0,284.0,4,363,108.2,6,0,3,1.1,869
James Tarkowski,0,1,124,3358,41,151.8,968.2,334.0,4,650,145.3,12,0,6,6.8999999999999995,138
James Tomkins,6,0,174,4360,68,58.1,1183.6,522.0,14,871,176.8,15,0,12,4.6000000000000005,220
James Ward-Prowse,7,9,176,3591,55,1343.0,790.8,744.0,13,744,287.79999999999995,11,0,7,3.0999999999999996,623
James Weir,0,0,0,0,0,0.0,0.0,0.0,0,0,0.0,0,0,0,0.0,566
James Wilson,0,0,0,0,0,0.0,0.0,0.0,0,0,0.0,0,0,0,0.1,270
Jamie Murphy,0,0,6,166,4,15.5,11.8,24.0,0,25,5.1,0,0,0,0.0,69
Jamie Vardy,33,10,344,6049,114,890.3,1452.6,2177.0,52,1229,451.1,15,1,5,35.6,393
Jan Bednarek,1,0,22,427,5,1.9,110.0,19.0,0,88,13.1,2,0,1,0.6,315
Jan Kirchhoff,0,1,12,433,11,30.1,53.6,26.0,0,61,10.9,0,0,1,0.0,347
Jan Vertonghen,0,1,264,6097,52,326.79999999999995,1565.1999999999998,381.0,21,1511,227.8,31,0,9,17.8,765
Jaroslaw Jach,0,0,0,0,0,0.0,0.0,0.0,0,0,0.0,0,0,0,0.0,605
Jarrod Bowen,0,0,8,181,8,17.9,3.8,36.0,0,21,5.7,0,0,0,0.1,516
Jason Denayer,0,0,56,1878,30,55.1,319.2,62.0,2,320,43.7,6,0,2,0.1,476
Jason Lokilo,0,0,0,0,0,0.0,0.0,0.0,0,0,0.0,0,0,0,0.1,491
Jason Puncheon,0,6,103,3667,67,1035.7,546.6,560.0,6,538,213.79999999999998,7,0,14,1.0,235
Javier Hernández Balcázar,8,2,93,1537,36,312.4,373.6,476.0,14,309,115.0,6,0,3,7.2,487
Javier Manquillo,1,1,87,3187,59,263.5,508.2,92.0,1,457,86.69999999999999,6,0,4,0.6,1015
Jay Fulton,0,0,20,707,15,53.4,85.60000000000001,47.0,0,93,18.7,3,0,3,0.0,733
Jay Rodriguez,12,3,182,3700,56,462.6,715.5999999999999,1438.0,19,505,260.5,13,0,2,2.8,748
Jayson Molumby,0,0,0,0,0,0.0,0.0,0.0,0,0,0.0,0,0,0,0.0,553
Jeff Hendrick,4,3,161,5017,75,642.6,550.2,594.0,2,593,178.3,18,1,7,0.30000000000000004,646
Jeff Reine-Adelaide,0,0,0,0,0,0.0,0.0,0.0,0,0,0.0,0,0,0,0.0,588
Jefferson Montero,0,1,18,380,9,134.3,82.4,99.0,0,76,31.5,0,0,0,0.1,737
Jeffrey Schlupp,0,4,97,2881,47,290.1,553.8,220.0,4,518,106.69999999999999,6,0,3,0.5,292
Jeremain Lens,0,0,2,69,1,31.3,14.2,52.0,0,12,9.7,0,0,0,0.0,351
Jeremie Boga,0,0,1,17,0,1.0,0.0,0.0,0,1,0.0,0,0,0,0.0,509
Jermain Defoe,19,5,226,4397,84,419.4,839.8,1918.0,29,720,315.9,8,0,2,17.5,407
Jerome Sinclair,0,0,10,145,2,25.3,5.4,26.0,0,23,5.4,0,0,0,0.4,927
Jesse Lingard,9,9,188,3167,30,1041.4,756.0,1150.0,13,677,293.3,16,0,5,11.100000000000001,545
Jesé Rodríguez Ruiz,1,1,31,609,17,127.7,110.4,171.0,2,93,40.8,1,0,0,2.0,512
Jesús Gámez Duarte,0,0,9,97,0,47.6,32.2,4.0,2,38,8.4,1,0,0,1.5,293
Jesús Navas,0,3,48,1064,17,359.9,161.0,163.0,6,245,68.3,2,0,2,0.6,232
Jiri Skalak,0,0,0,0,0,0.0,0.0,0.0,0,0,0.0,0,0,0,0.0,67
Joe Allen,8,9,227,6069,104,1052.1,1268.6,1014.0,22,1052,333.70000000000005,16,0,17,8.1,539
Joe Hart,0,1,59,1710,39,20.0,382.8,0.0,3,341,40.2,4,0,0,6.7,697
Joe Ledley,1,1,40,1160,26,109.9,158.2,48.0,1,201,31.5,2,0,1,0.4,113
Joe Lolley,1,0,11,217,5,20.0,50.6,47.0,0,28,11.8,0,0,1,0.1,176
Joe Rodon,0,0,0,0,0,0.0,0.0,0.0,0,0,0.0,0,0,0,0.0,561
Joe Williams,0,0,0,0,0,0.0,0.0,0.0,0,0,0.0,0,0,0,0.0,658
Joel Asoro,0,0,1,10,0,0.0,0.0,2.0,0,3,0.2,0,0,0,0.0,521
Joel Campbell,0,0,0,0,0,0.0,0.0,0.0,0,0,0.0,0,0,0,0.0,23
Joel Coleman,0,0,0,0,0,0.0,0.0,0.0,0,0,0.0,0,0,0,3.8,162
Joel Dinis Castro Pereira,0,0,6,90,0,0.0,7.4,0.0,0,23,0.7,1,0,0,4.199999999999999,924
Joel Matip,2,0,178,4452,52,239.4,1133.4,488.0,10,1027,186.1,18,0,6,4.9,418
Joel Robles,0,1,89,1737,20,10.0,439.2,0.0,5,407,44.9,10,0,2,1.1,259
Joel Taylor,0,0,0,0,0,0.0,0.0,0.0,0,0,0.0,0,0,0,0.0,631
Joel Ward,0,2,127,5030,88,427.2,948.8000000000001,187.0,7,844,156.7,11,0,11,1.1,224
Joey Barton,1,2,37,1105,16,147.4,184.8,86.0,0,205,41.9,4,0,4,0.1,626
Johann Berg Gudmundsson,3,12,164,3830,52,1319.3,819.0,700.0,10,654,284.0,13,0,3,2.0,557
John O'Shea,0,1,47,2158,42,21.3,453.4,98.0,3,335,57.0,3,0,5,0.4,342
John Obi Mikel,0,0,0,0,0,0.0,0.0,0.0,0,0,0.0,0,0,0,0.1,89
John Stones,0,0,129,3315,40,104.3,724.8,294.0,9,769,112.9,13,0,1,16.400000000000002,370
John Terry,1,0,21,496,9,24.3,104.6,104.0,0,97,23.3,1,0,1,1.9,75
Joleon Lescott,0,0,1,124,5,0.3,39.0,0.0,0,14,3.9,0,0,0,0.3,635
Jon Flanagan,0,0,9,360,4,16.4,63.8,0.0,0,55,8.0,1,0,2,0.2,708
Jon Gorenc Stankovic,0,0,0,0,0,0.0,0.0,0.0,0,0,0.0,0,0,0,0.2,169
Jonas Lössl,0,1,135,3420,58,30.0,846.8,0.0,11,701,87.8,10,0,1,6.8,163
Jonas Olsson,0,0,8,590,13,1.1,96.4,21.0,0,60,12.0,1,0,3,0.5,432
Jonathan Benteke,0,0,1,7,0,0.3,5.0,9.0,0,3,1.4,0,0,0,0.4,579
Jonathan Calleri,1,0,23,540,4,115.0,56.2,265.0,0,47,43.2,3,0,0,0.1,526
Jonathan Hogg,0,0,53,2396,40,172.8,475.0,61.0,0,400,71.2,7,1,8,0.2,174
Jonathan Leko,0,1,12,118,3,29.9,27.4,20.0,0,38,7.6,0,0,0,0.5,876
Jonathan Walters,4,3,75,1340,24,199.39999999999998,295.2,499.0,3,198,99.1,6,0,1,0.2,419
Jonathan Williams,0,0,0,0,0,0.0,0.0,0.0,0,0,0.0,0,0,0,0.0,116
Jonjo Shelvey,1,4,73,2264,30,639.9,442.6,243.0,4,360,132.3,6,2,2,0.6,296
Jonjoe Kenny,0,2,51,1602,31,185.1,362.4,47.0,2,311,59.5,5,0,2,2.1,761
Jonny Evans,4,3,157,4906,77,221.7,1162.8000000000002,470.0,12,933,185.7,10,0,15,5.1,854
Jordan Ayew,8,6,147,3717,56,472.9,703.2,1163.0,14,504,233.70000000000002,12,1,3,10.1,1015
Jordan Henderson,2,5,148,4285,49,1003.0999999999999,924.4,203.0,12,849,213.3,21,0,9,2.2,426
Jordan Hugill,0,0,3,22,0,0.4,0.0,0.0,0,4,0.0,0,0,0,0.0,622
Jordan Pickford,0,0,247,6030,108,70.1,1806.6,4.0,25,1332,188.10000000000002,14,0,0,19.3,475
Jordan Rhodes,0,0,8,211,2,28.0,21.6,104.0,0,21,15.4,0,0,0,0.2,292
Jordi Amat,0,0,21,1409,36,29.2,332.2,106.0,0,237,46.8,2,0,5,7.4,362
Jordi Osei-Tutu,0,0,0,0,0,0.0,0.0,0.0,0,0,0.0,0,0,0,0.0,644
Jordon Ibe,2,6,121,3043,55,871.0,475.0,845.0,5,422,218.8,7,0,1,2.1,91
Jordon Mutch,0,0,4,53,1,14.1,15.6,0.0,0,17,3.1,0,0,0,0.3,667
Jordy Clasie,1,1,38,1022,15,129.1,122.4,94.0,3,157,33.3,2,0,3,0.2,628
Jose Angel Esmoris Tasende,0,0,0,0,0,0.0,0.0,0.0,0,0,0.0,0,0,0,0.1,498
Jose Fonte,0,2,132,3622,57,185.8,841.2,310.0,13,748,133.6,14,0,4,4.0,737
Jose Luis Mato Sanmartín,4,1,69,1703,25,254.8,291.2,526.0,5,227,106.5,5,0,2,0.5,826
Joseph Gomez,0,2,86,1901,22,285.6,437.4,46.0,9,480,76.9,9,0,3,2.2,413
Joseph Willock,0,0,3,81,2,5.8,8.2,4.0,0,8,1.8,0,0,0,0.0,634
Josh Clackstone,0,0,0,0,0,0.0,0.0,0.0,0,0,0.0,0,0,0,0.1,515
Josh Cullen,0,0,2,6,0,0.6,7.2,0.0,0,7,0.8,0,0,0,0.1,1060
Josh Maja,0,0,0,0,0,0.0,0.0,0.0,0,0,0.0,0,0,0,0.1,613
Josh Pask,0,0,0,0,0,0.0,0.0,0.0,0,0,0.0,0,0,0,0.0,635
Josh Robson,0,0,0,0,0,0.0,0.0,0.0,0,0,0.0,0,0,0,0.1,532
Josh Tymon,0,0,9,485,17,25.4,60.6,2.0,0,75,8.9,1,0,1,0.3,855
Joshua Harrop,1,0,8,90,0,20.2,36.2,21.0,0,32,7.7,1,0,0,0.0,674
Joshua King,24,7,288,5164,92,1031.3000000000002,1412.2,1909.0,27,934,435.29999999999995,16,0,4,21.2,99
Joshua Onomah,0,0,5,22,0,4.4,7.4,18.0,0,17,3.0,0,0,0,0.1,399
Joshua Sims,0,1,20,371,3,81.7,74.4,232.0,0,66,38.8,2,0,0,0.4,927
José Heriberto Izquierdo Mena,5,5,101,1976,32,311.3,385.4,618.0,4,324,131.3,5,0,2,0.3,517
José Holebas,2,8,159,5286,108,1200.4,1176.8,336.0,15,959,271.6,13,0,21,3.5,812
Joy Mukena,0,0,0,0,0,0.0,0.0,0.0,0,0,0.0,0,0,0,0.0,625
João Mário Naval Costa Eduardo,2,1,46,1021,14,294.9,176.0,191.0,5,170,66.1,4,0,0,0.2,608
Juan Carlos Paredes,0,0,0,0,0,0.0,0.0,0.0,0,0,0.0,0,0,0,3.8,410
Juan Cuadrado,0,0,0,0,0,0.0,0.0,0.0,0,0,0.0,0,0,0,0.5,85
Juan Foyth,0,0,0,0,0,0.0,0.0,0.0,0,0,0.0,0,0,0,0.0,534
Juan Mata,9,8,202,3533,26,1597.4,880.4000000000001,1051.0,20,875,352.0,25,0,4,4.0,530
Juan Zuñiga,1,1,38,823,15,86.4,139.8,79.0,2,173,30.1,1,0,1,1.1,479
Julian Speroni,0,0,36,990,14,0.0,213.6,0.0,3,175,21.3,2,0,0,3.1,215
Julien Ngoy,0,0,6,68,3,13.9,8.4,46.0,0,20,6.8,0,0,0,0.4,1106
Julien de Sart,0,0,0,0,0,0.0,0.0,0.0,0,0,0.0,0,0,0,0.0,288
Junior Stanislas,12,9,182,2752,51,784.0999999999999,849.4000000000001,901.0,20,657,253.1,6,0,2,1.6,84
Jérémy Pied,0,1,12,309,4,50.599999999999994,86.4,25.0,1,71,16.3,0,0,0,0.1,804
Jürgen Locadia,1,1,16,221,8,24.6,50.4,89.0,2,47,15.8,1,0,0,0.0,604
Kamil Grosicki,0,5,43,1143,27,360.9,133.6,309.0,0,132,80.3,3,0,1,0.2,647
Kane Wilson,0,0,0,0,0,0.0,0.0,0.0,0,0,0.0,0,0,0,0.6000000000000001,1018
Karl Darlow,0,0,33,900,15,0.0,258.8,0.0,2,172,25.9,2,0,0,0.2,287
Kasey Palmer,0,0,4,168,2,25.6,20.0,27.0,0,9,7.2,1,0,2,0.0,183
Kasper Schmeichel,0,0,232,5631,94,11.1,1444.6,0.0,27,1177,145.7,16,0,4,10.1,354
Kazaiah Sterling,0,0,0,0,0,0.0,0.0,0.0,0,0,0.0,0,0,0,0.1,643
Kelechi Iheanacho,7,7,106,1355,26,379.29999999999995,438.2,813.0,11,351,161.9,2,0,2,3.0999999999999996,499
Keshi Anderson,0,0,0,0,0,0.0,0.0,0.0,0,0,0.0,0,0,0,0.3,1037
Kevin De Bruyne,14,39,408,5950,56,3446.2,2019.0,1587.0,58,1697,705.5,30,0,6,31.799999999999997,487
Kevin Long,1,2,60,1710,27,65.0,516.4,224.0,6,321,80.6,4,0,1,7.6,674
Kevin Mirallas,4,8,124,2209,34,702.3000000000001,456.0,781.0,8,439,193.3,11,0,3,3.0,281
Kevin Stewart,0,0,4,20,0,0.4,3.6,0.0,0,12,0.4,0,0,0,0.1,198
Kevin Wimmer,0,0,21,1678,36,53.199999999999996,336.4,28.0,1,222,41.9,1,0,8,0.4,771
Kieran Gibbs,0,3,131,3528,47,531.0,627.0,248.0,5,684,140.8,14,0,6,2.1,15
Kieran O'Hara,0,0,0,0,0,0.0,0.0,0.0,0,0,0.0,0,0,0,0.0,681
Kieran Trippier,0,12,164,2480,24,803.1,642.8,113.0,25,741,156.2,12,0,2,5.2,769
Konstantinos Mavropanos,0,0,4,194,5,1.3,52.2,2.0,0,41,5.5,1,1,0,0.0,595
Konstantinos Stafylidis,0,0,6,334,6,23.8,68.2,18.0,0,38,11.0,0,0,0,0.0,599
Kristoffer Nordfeldt,0,0,3,90,1,0.0,24.8,0.0,0,12,2.5,0,0,0,4.9,708
Kurt Zouma,1,1,102,3137,58,105.3,874.8000000000001,239.0,8,623,122.2,7,0,1,2.3,178
Kyle Bartley,0,0,5,233,4,21.2,75.0,16.0,0,29,11.2,0,0,2,0.1,485
Kyle Jameson,0,0,0,0,0,0.0,0.0,0.0,0,0,0.0,0,0,0,0.1,624
Kyle Naughton,1,2,183,5744,98,660.8,1259.6,357.0,18,1089,228.2,17,0,6,8.4,710
Kyle Scott,0,0,0,0,0,0.0,0.0,0.0,0,0,0.0,0,0,0,0.1,504
Kyle Taylor,0,0,0,0,0,0.0,0.0,0.0,0,0,0.0,0,0,0,0.0,602
Kyle Walker,0,12,280,5485,43,1081.9,1106.4,381.0,26,1331,257.29999999999995,29,1,10,39.900000000000006,763
Kyle Walker-Peters,0,2,13,188,4,48.3,70.4,10.0,0,73,12.9,1,0,0,0.9,498
Lamine Koné,1,0,69,2545,46,35.6,624.0,339.0,5,451,100.2,5,0,4,1.7,346
Lasse Sorenson,0,1,5,75,1,25.4,29.6,0.0,0,27,5.5,0,0,0,0.0,637
Laurent Depoitre,6,2,94,1807,34,191.4,352.0,451.0,14,283,99.6,4,0,1,2.6,187
Laurent Koscielny,4,1,221,5046,69,177.7,1523.2,376.0,35,1279,208.2,19,1,8,12.7,7
Layton Ndukwu,0,0,0,0,0,0.0,0.0,0.0,0,0,0.0,0,0,0,0.0,647
Lazar Markovic,2,0,37,1005,15,160.3,142.2,185.0,2,125,48.5,5,0,4,0.1,206
Lee Cattermole,0,0,12,633,13,47.3,65.0,12.0,0,63,12.6,0,0,4,0.1,348
Lee Grant,0,0,111,2790,41,0.0,708.2,0.0,9,590,71.0,9,0,1,6.7,903
Leighton Baines,4,8,217,4728,68,1068.5,978.1999999999999,253.0,25,1028,230.10000000000002,16,0,5,15.0,263
Leiva Lucas,0,3,47,1112,17,102.9,306.4,99.0,2,240,51.1,4,0,4,0.2,424
Leon Britton,0,0,42,1464,25,81.3,146.2,14.0,0,238,24.2,8,0,4,0.2,731
Leonardo Ulloa,2,0,44,726,9,149.9,128.8,328.0,1,122,60.099999999999994,3,0,0,0.4,395
Leroy Fer,7,3,136,3799,75,513.9,748.2,582.0,5,630,184.3,8,0,14,4.8,740
Leroy Sané,15,22,284,4196,37,1396.4,1239.6,1645.0,25,990,428.09999999999997,21,0,8,20.9,744
Levi Lumeka,0,0,1,25,0,0.5,4.2,18.0,0,3,2.3,0,0,0,0.0,544
Lewis Cook,0,4,75,2666,49,513.1,557.1999999999999,154.0,1,418,122.5,4,0,6,2.0,93
Lewis Dunk,1,1,97,3420,54,147.8,1002.8,425.0,7,637,157.9,10,0,7,2.9,55
Lewis Grabban,0,1,6,60,2,11.8,24.2,17.0,0,17,5.3,0,0,0,2.9,51
Liam Rosenior,0,0,3,163,3,4.7,28.8,2.0,0,22,3.6,0,0,0,3.0,60
Lloyd Isgrove,0,0,0,0,0,0.0,0.0,0.0,0,0,0.0,0,0,0,0.0,584
Loris Karius,0,0,120,2610,26,0.0,430.0,0.0,5,535,42.9,13,0,1,2.5999999999999996,403
Loïc Remy,0,0,6,134,3,26.9,20.0,60.0,0,17,10.2,1,0,0,0.2,98
Lucas Pérez,1,1,20,272,2,105.4,65.4,163.0,0,83,32.9,1,0,0,0.2,576
Lucas Rodrigues Moura da Silva,0,1,11,206,6,83.2,49.0,41.0,0,36,17.5,0,0,0,0.0,617
Luciano Narsingh,1,3,55,1030,23,255.2,183.8,215.0,3,172,65.3,2,0,0,0.0,1001
Luis Hernández,0,0,3,327,8,62.0,57.6,0.0,0,50,12.0,0,0,1,0.3,175
Luka Milivojevic,12,2,186,4303,68,475.5,1066.2,562.0,24,799,210.39999999999998,13,0,12,13.6,778
Lukas Jutkiewicz,0,0,2,13,0,1.0,0.4,2.0,0,5,0.3,0,0,0,0.6,69
Lukas Nmecha,0,0,2,14,0,3.1,0.0,0.0,0,4,0.3,0,0,0,0.1,627
Lukasz Fabianski,0,0,273,6750,125,10.1,1868.1999999999998,0.0,22,1422,188.0,17,0,1,13.7,706
Luke Dreher,0,0,0,0,0,0.0,0.0,0.0,0,0,0.0,0,0,0,0.0,581
Luke Garbutt,0,0,0,0,0,0.0,0.0,0.0,0,0,0.0,0,0,0,0.0,629
Luke McGee,0,0,0,0,0,0.0,0.0,0.0,0,0,0.0,0,0,0,0.1,529
Luke Shaw,0,3,93,1475,8,287.5,281.79999999999995,208.0,8,418,78.0,11,0,3,6.9,512
Lynden Gooch,0,0,12,366,9,66.4,36.4,54.0,0,43,15.4,1,0,3,0.2,520
Lys Mousset,2,1,50,851,20,109.1,148.20000000000002,361.0,3,128,60.0,2,0,1,0.30000000000000004,103
M'Baye Niang,2,2,49,1246,27,186.3,190.0,364.0,6,183,73.4,3,0,2,0.4,637
Maarten Stekelenburg,0,0,68,1683,24,0.1,350.4,0.0,3,309,35.1,4,0,2,2.0,261
Maksymilian Stryjek,0,0,0,0,0,0.0,0.0,0.0,0,0,0.0,0,0,0,0.1,547
Mamadou Obbi Oularé,0,0,0,0,0,0.0,0.0,0.0,0,0,0.0,0,0,0,0.0,427
Mamadou Sakho,1,2,116,2283,29,79.4,569.6,117.0,24,560,76.8,10,0,1,1.6,411
Mame Biram Diouf,7,5,150,3977,75,434.0,680.0,1172.0,10,540,228.0,13,0,9,2.1999999999999997,685
Manolo Gabbiadini,9,1,104,1791,29,218.9,368.6,701.0,14,328,126.4,7,0,3,7.9,970
Manuel Agudo Durán,4,3,54,777,7,238.4,210.0,411.0,2,170,85.6,3,1,3,1.0,491
Manuel Lanzini,13,10,239,4747,97,1488.1999999999998,1198.4,1131.0,31,1105,382.3,15,0,13,2.8,915
Marc Albrighton,4,14,202,4945,89,1438.1,1063.8,572.0,15,926,307.79999999999995,16,1,10,4.7,377
Marc Muniesa,1,0,34,650,7,59.7,172.4,50.0,3,153,28.2,3,0,2,0.8,655
Marc Pugh,2,3,96,2303,41,500.1,337.8,514.0,6,321,134.9,10,0,3,0.5,78
Marc Wilson,0,0,0,255,7,34.5,63.0,5.0,0,29,10.3,0,0,3,2.3,319
Marcin Wasilewski,0,0,1,90,2,0.3,10.8,0.0,0,10,1.1,0,0,0,1.8,170
Marco Van Ginkel,0,0,0,0,0,0.0,0.0,0.0,0,0,0.0,0,0,0,0.0,93
Marcos Alonso,13,7,342,5548,49,970.0,1316.0,1358.0,26,1325,364.7,28,0,8,32.2,661
Marcos Rojo,1,0,100,2302,21,97.0,597.8,194.0,11,520,89.0,11,0,11,0.7999999999999999,514
Marcus Browne,0,0,0,0,0,0.0,0.0,0.0,0,0,0.0,0,0,0,0.0,1240
Marcus Rashford,12,8,180,3511,31,823.5,787.0,1572.0,13,674,317.2,17,0,6,18.2,555
Mario Balotelli,0,0,0,0,0,0.0,0.0,0.0,0,0,0.0,0,0,0,0.2,215
Mario Lemina,1,1,58,1715,31,170.6,363.6,145.0,5,337,67.8,4,0,2,0.2,500
Mario Suárez,0,0,0,0,0,0.0,0.0,0.0,0,0,0.0,0,0,0,0.1,423
Mark Hudson,0,0,0,0,0,0.0,0.0,0.0,0,0,0.0,0,0,0,0.1,170
Mark Noble,7,0,155,4789,85,722.6,869.6,374.0,12,850,196.7,15,0,16,1.5,908
Marko Arnautovic,17,14,261,5022,93,1311.7,1244.1999999999998,2016.0,20,841,457.29999999999995,16,2,14,8.6,671
Marko Grujic,0,0,7,57,0,29.099999999999998,16.200000000000003,39.0,0,19,8.0,0,0,1,0.6000000000000001,706
Markus Henriksen,0,0,20,638,13,62.9,52.4,60.0,0,75,17.4,0,0,1,0.0,573
Markus Suttner,0,0,38,1178,18,105.6,187.4,17.0,3,204,30.8,4,0,0,0.4,461
Marouane Fellaini,5,0,95,2215,15,370.09999999999997,545.0,597.0,3,430,150.7,14,1,9,0.8999999999999999,532
Marten de Roon,4,1,91,2773,44,245.8,370.6,390.0,5,399,100.1,8,0,8,1.8,290
Martin Cranie,0,0,2,179,7,1.7,44.0,2.0,0,35,4.7,0,0,0,0.2,168
Martin Dubravka,0,0,53,1080,11,0.0,234.6,0.0,5,215,23.3,4,0,0,1.0,621
Martin Kelly,0,2,80,3317,65,150.79999999999998,644.4,145.0,1,508,94.3,6,0,5,1.2,226
Martin Olsson,2,1,141,4401,68,445.4,586.4,247.0,3,688,128.0,14,0,9,1.1,991
Martín Cáceres,0,0,2,90,1,1.1,19.6,6.0,0,16,2.7,0,0,0,0.0,652
Marvin Emnes,0,0,0,0,0,0.0,0.0,0.0,0,0,0.0,0,0,0,0.3,378
Marvin Zeegelaar,0,2,28,993,18,142.1,185.2,24.0,5,186,35.2,2,1,4,0.3,537
Mason Holgate,0,1,91,2555,32,246.1,572.6,188.0,5,517,100.8,9,0,5,8.1,639
Massadio Haidara,0,0,1,3,0,0.0,0.0,0.0,0,3,0.0,0,0,0,1.8,465
Matej Vydra,0,0,1,3,0,0.3,0.0,0.0,0,3,0.0,0,0,0,0.3,483
Mateusz Hewelt,0,0,0,0,0,0.0,0.0,0.0,0,0,0.0,0,0,0,0.1,596
Mathew Ryan,0,0,146,3420,54,0.0,911.6,0.0,13,726,91.1,10,0,0,3.4,54
Mathias Jorgensen,0,3,107,3420,58,123.6,768.6,169.0,9,623,106.2,10,0,6,6.6,171
Mathieu Debuchy,0,0,1,15,0,1.4,1.0,0.0,0,2,0.2,0,0,0,0.2,572
Mathieu Flamini,0,0,12,274,6,13.7,33.0,13.0,0,47,5.9,0,0,0,0.1,576
Matt Butcher,0,0,0,0,0,0.0,0.0,0.0,0,0,0.0,0,0,0,0.0,588
Matt Macey,0,0,0,0,0,0.0,0.0,0.0,0,0,0.0,0,0,0,0.0,1219
Matt Miazga,0,0,0,0,0,0.0,0.0,0.0,0,0,0.0,0,0,0,0.1,81
Matt Phillips,6,12,196,4268,60,1040.6999999999998,833.4,803.0,15,633,267.0,16,0,5,4.5,878
Matt Ritchie,3,7,116,2802,35,844.4,561.2,520.0,10,489,192.6,9,0,6,2.3,295
Matt Targett,0,0,14,539,10,126.5,106.8,12.0,0,115,24.6,1,0,0,0.30000000000000004,608
Matteo Darmian,0,0,97,1776,11,99.3,301.0,19.0,9,438,42.0,12,0,3,1.2,519
Matthew James,0,0,1,1,0,0.0,0.0,0.0,0,3,0.0,0,0,0,0.0,602
Matthew Lowton,0,5,179,5535,79,756.4,1345.2,126.0,9,1081,223.2,17,0,10,5.7,131
Matthew Pennington,1,0,9,180,6,10.7,63.8,33.0,0,37,10.8,0,0,0,1.0,272
Matthew Willock,0,0,0,0,0,0.0,0.0,0.0,0,0,0.0,0,0,0,0.0,655
Matthew Worthington,0,0,1,17,0,0.7,1.0,0.0,0,3,0.2,0,0,0,0.0,678
Matty James,0,0,26,991,15,52.7,114.6,145.0,0,121,31.4,4,0,2,0.2,474
Mauro Zárate,0,1,8,204,3,52.8,18.8,71.0,0,27,14.3,0,0,0,0.0,1055
Max Gradel,0,0,8,134,1,18.2,24.6,70.0,0,24,10.8,0,0,3,0.1,88
Max Melbourne,0,0,0,0,0,0.0,0.0,0.0,0,0,0.0,0,0,0,0.0,572
Maya Yoshida,3,2,154,4119,64,129.8,1057.8000000000002,513.0,14,882,170.5,13,1,4,7.6000000000000005,606
Memphis Depay,0,0,3,24,1,1.8,1.2,4.0,0,6,0.7,0,0,1,0.2,258
Mesut Özil,12,20,279,5002,66,2936.8,1475.0,1289.0,30,1235,570.6,20,0,6,9.6,30
Michael Carrick,0,0,46,1709,14,223.0,311.2,89.0,0,316,62.3,6,0,2,2.7,535
Michael Dawson,3,0,46,1722,44,46.3,573.6,236.0,4,311,85.5,1,0,4,0.5,150
Michael Folivi,0,0,1,10,0,0.1,0.0,0.0,0,2,0.0,0,0,0,0.1,1201
Michael Hefele,0,0,1,32,1,0.1,4.0,0.0,0,1,0.4,0,0,1,0.1,167
Michael Keane,2,2,194,5709,95,155.1,1634.1999999999998,681.0,21,1132,247.3,17,0,7,8.399999999999999,204
Michael Kightly,0,0,6,104,1,9.3,2.8,4.0,0,20,1.5,0,0,0,0.6,66
Michael Ledger,0,0,0,0,0,0.0,0.0,0.0,0,0,0.0,0,0,0,0.0,624
Michael Obafemi,0,0,1,8,0,1.3,0.0,4.0,0,-1,0.3,0,0,0,0.7,603
Michael Phillips,0,0,0,0,0,0.0,0.0,0.0,0,0,0.0,0,0,0,0.0,606
Michael Simões Domingues,0,0,0,0,0,0.0,0.0,0.0,0,0,0.0,0,0,0,0.0,577
Michail Antonio,12,10,194,3783,66,759.4000000000001,919.0,1498.0,9,598,317.29999999999995,14,1,5,5.5,918
Michel Vorm,0,0,20,506,3,0.0,89.4,0.0,0,98,8.8,2,0,0,0.4,757
Michy Batshuayi,7,2,73,605,10,79.9,292.6,400.0,7,246,76.4,1,0,0,1.7,209
Miguel Britos,2,2,93,3075,52,139.4,711.6,331.0,8,562,118.2,8,3,9,1.2,815
Mike van der Hoorn,2,0,90,2606,47,73.8,652.2,210.0,4,521,93.7,9,0,5,1.4,722
Mikel Merino,1,1,49,1337,18,236.7,374.8,156.0,4,271,76.9,3,0,4,0.1,495
Mile Jedinak,0,0,2,90,1,31.2,11.8,0.0,0,8,4.3,0,0,0,0.1,112
Modou Barrow,0,2,34,1145,23,332.7,153.6,223.0,0,136,70.5,4,0,1,0.6,747
Mohamed Diamé,2,0,70,2034,27,214.2,431.8,203.0,3,340,85.3,6,0,3,0.3,457
Mohamed Elneny,0,2,48,1559,21,303.0,227.2,208.0,0,289,73.6,6,1,4,3.4,44
Mohamed Salah,32,12,303,2905,29,942.5,1496.2,2109.0,26,881,454.4,15,0,1,56.7,234
Molla Wagué,1,0,19,438,8,5.6,98.0,41.0,0,82,14.5,1,0,0,0.0,842
Morgan Schneiderlin,1,0,89,3197,52,271.5,577.4,142.0,2,558,99.2,11,1,6,0.9,418
Moritz Bauer,0,0,41,1307,18,189.9,181.8,67.0,1,201,44.0,5,0,4,0.4,594
Moses Makasi,0,0,0,0,0,0.0,0.0,0.0,0,0,0.0,0,0,0,0.0,1244
Moses Odubajo,0,0,0,0,0,0.0,0.0,0.0,0,0,0.0,0,0,0,0.0,151
Mouez Hassen,0,0,0,0,0,0.0,0.0,0.0,0,0,0.0,0,0,0,0.0,650
Mousa Dembélé,1,2,128,3931,39,712.8,716.4,194.0,9,814,162.7,18,0,11,2.2,776
Moussa Sissoko,1,4,101,2294,23,658.9,378.8,493.0,0,408,152.1,11,0,6,0.5,965
Muhamed Besic,0,0,2,46,0,11.5,18.2,0.0,0,10,3.0,0,0,0,0.1,291
N'Golo Kanté,2,3,184,6132,65,1071.0,1191.4,443.0,10,1209,270.7,29,0,12,23.4,206
Nabil Bentaleb,0,0,0,0,0,0.0,0.0,0.0,0,0,0.0,0,0,0,0.0,395
Nacer Chadli,6,6,125,2348,36,565.1999999999999,456.4,578.0,11,397,159.29999999999998,7,0,3,1.5999999999999999,819
Nacho Monreal,5,5,245,5394,72,519.0,1247.6,525.0,24,1285,229.8,21,0,8,14.4,20
Nahki Wells,0,0,9,46,3,3.5,7.2,37.0,0,20,4.7,0,0,0,0.1,185
Nampalys Mendy,0,0,6,269,5,24.9,16.8,0.0,0,26,4.0,1,0,1,0.3,388
Nathan Aké,5,4,157,4186,79,170.6,1305.6,434.0,16,909,191.0,9,0,6,12.2,74
Nathan Dyer,0,2,53,1514,32,268.6,143.8,222.0,0,186,63.300000000000004,3,0,2,0.30000000000000004,742
Nathan Ferguson,0,0,0,0,0,0.0,0.0,0.0,0,0,0.0,0,0,0,0.1,578
Nathan Holland,0,0,0,0,0,0.0,0.0,0.0,0,0,0.0,0,0,0,0.0,665
Nathan Redmond,8,4,198,4836,71,1511.1999999999998,892.6,1514.0,16,779,391.0,19,1,5,9.200000000000001,628
Nathan Trott,0,0,0,0,0,0.0,0.0,0.0,0,0,0.0,0,0,0,0.2,574
Nathaniel Chalobah,0,1,25,614,10,77.6,119.4,102.0,0,94,29.9,3,0,3,0.8,642
Nathaniel Clyne,0,2,136,3496,42,740.3,533.8,335.0,13,760,161.1,13,0,1,10.600000000000001,410
Neil Taylor,0,1,22,920,26,84.1,149.2,12.0,0,160,24.6,2,0,1,0.1,360
Nemanja Matic,2,9,196,5811,50,875.0,1228.1999999999998,447.0,4,1126,255.4,31,0,10,13.0,194
Nick Pope,0,0,152,3114,35,40.0,862.4,0.0,19,701,90.1,11,0,3,12.6,940
Nicolás Otamendi,5,2,256,5558,53,350.2,1619.0,639.0,31,1382,261.29999999999995,24,0,18,29.0,471
Niki Mäenpää,0,0,0,0,0,0.0,0.0,0.0,0,0,0.0,0,0,0,1.9,53
Nikola Vlasic,0,0,18,572,12,159.1,91.8,85.0,0,80,33.6,1,0,0,0.0,539
Noor Husin,0,0,0,0,0,0.0,0.0,0.0,0,0,0.0,0,0,0,0.0,611
Nordin Amrabat,0,3,71,2289,54,540.8,305.2,378.0,5,274,121.9,5,0,4,0.1,834
Nya Kirby,0,0,0,0,0,0.0,0.0,0.0,0,0,0.0,0,0,0,0.0,630
Odion Ighalo,1,1,39,1291,29,173.8,93.6,440.0,2,84,70.0,2,0,1,2.4,426
Ola Aina,0,0,3,26,0,0.9,4.8,17.0,0,9,2.3,0,0,0,0.1,487
Olayinka Fredrick Oladotun Ladapo,0,0,1,16,1,1.1,0.4,0.0,0,3,0.2,0,0,0,1.0,1013
Oleksandr Zinchenko,0,0,16,530,3,145.9,116.4,21.0,0,104,28.3,3,0,1,0.0,789
Oliver Burke,0,2,23,356,11,73.9,77.4,75.0,0,75,22.5,0,0,0,0.0,524
Oliver McBurnie,0,1,21,349,10,63.4,46.4,144.0,0,62,25.4,0,0,0,1.8,918
Oliver Norwood,0,0,0,0,0,0.0,0.0,0.0,0,0,0.0,0,0,0,0.0,68
Olivier Giroud,19,6,193,2187,27,586.2,829.6,1470.0,27,705,287.9,9,0,2,8.4,50
Olufela Olomola,0,0,0,0,0,0.0,0.0,0.0,0,0,0.0,0,0,0,0.0,589
Oluwaseyi Ojo,0,0,0,0,0,0.0,0.0,0.0,0,0,0.0,0,0,0,0.0,436
Oluwatosin Adarabioyo,0,0,0,0,0,0.0,0.0,0.0,0,0,0.0,0,0,0,0.1,1193
Omar Elabdellaoui,0,0,13,615,16,70.4,84.6,8.0,0,111,16.4,1,0,0,0.0,634
Orestis Karnezis,0,0,47,1291,24,0.0,247.6,0.0,5,240,24.8,4,0,0,0.2,536
Oriol Romeu Vidal,2,0,148,5968,89,619.2,1201.8000000000002,471.0,4,1040,229.4,21,0,22,3.3,630
Oscar dos Santos Emboaba Junior,0,1,17,455,6,197.4,97.4,128.0,0,104,42.2,1,0,1,0.5,84
Oumar Niasse,12,4,127,2172,53,322.2,576.4000000000001,1051.0,17,373,192.0,2,1,5,5.4,693
Oviemuno Ejaria,0,0,2,8,0,1.3,0.0,2.0,0,6,0.3,0,0,0,0.0,582
Pablo Maffeo,0,0,0,0,0,0.0,0.0,0.0,0,0,0.0,0,0,0,0.0,528
Pablo Zabaleta,1,2,135,4354,80,461.4,873.6,190.0,11,793,152.8,12,0,11,3.0999999999999996,668
Papa Alioune Ndiaye,2,1,41,1138,17,116.7,298.4,133.0,5,159,55.0,2,0,5,0.0,619
Pape Souaré,0,0,7,278,3,34.6,53.800000000000004,9.0,0,40,9.799999999999999,0,0,0,0.2,230
Papy Djilobodji,0,0,24,1577,35,25.9,487.6,124.0,0,281,63.8,2,1,4,0.2,499
Pascal Groß,7,8,164,2928,46,1311.0,735.4,527.0,24,635,257.6,10,0,2,15.4,70
Patrice Evra,0,0,2,227,10,6.0,42.8,0.0,0,32,5.0,0,0,0,0.2,626
Patrick Bamford,1,0,21,326,8,26.9,51.0,139.0,2,59,21.5,0,0,1,0.1,553
Patrick McNair,0,0,12,353,9,51.1,30.6,28.0,0,58,10.7,1,0,0,0.2,249
Patrick van Aanholt,10,2,193,4680,91,838.0,1153.0,702.0,16,982,269.8,11,0,10,6.7,468
Pau López Sabata,0,0,0,0,0,0.0,0.0,0.0,0,0,0.0,0,0,0,0.0,564
Paul Dummett,0,0,52,1602,18,97.8,333.6,58.0,0,280,49.0,5,0,1,1.1,291
Paul Pogba,11,17,253,4753,41,1617.0,1423.8,1619.0,29,1040,465.6,24,1,12,22.0,785
Paul Robinson,0,0,5,270,7,0.0,66.2,0.0,0,45,6.6,0,0,0,2.3,547
Paulo Gazzaniga,0,0,9,90,0,0.0,27.4,0.0,2,26,2.7,1,0,0,0.1,860
Pedro Chirivella,0,0,0,0,0,0.0,0.0,0.0,0,0,0.0,0,0,0,0.1,211
Pedro Obiang,3,2,109,3325,61,263.4,689.2,140.0,12,601,109.5,9,0,10,1.0,912
Pedro Rodríguez Ledesma,13,12,243,3651,29,1107.9,977.4,1167.0,20,852,323.4,23,0,7,9.5,199
Per Mertesacker,1,0,17,402,8,3.1,137.4,38.0,2,86,17.900000000000002,0,0,0,0.7,9
Peter Crouch,12,5,152,2894,50,582.0999999999999,635.8,1054.0,13,487,226.7,6,0,7,5.8,683
Petr Cech,0,0,258,6136,85,0.1,1542.1999999999998,0.0,9,1287,153.9,23,0,3,18.2,4
Phil Bardsley,0,0,60,2293,30,264.2,384.4,86.0,0,367,73.69999999999999,7,1,9,0.4,657
Phil Foden,0,1,8,45,1,32.1,29.2,10.0,0,31,7.1,0,0,0,0.0,492
Phil Jagielka,3,3,164,4314,71,95.80000000000001,1280.6,386.0,21,948,176.3,12,1,6,10.2,267
Phil Jones,0,0,171,3557,25,71.80000000000001,924.2,101.0,23,916,109.9,20,0,4,5.9,509
Philip Billing,0,0,22,755,11,58.6,111.4,26.0,0,98,19.3,3,0,3,0.2,175
Philipp Wollscheid,0,0,1,180,5,3.4,36.4,10.0,0,23,5.0,0,0,1,0.2,324
Philippe Coutinho,20,15,274,3337,41,1706.1999999999998,1410.4,1644.0,36,1012,475.9,13,0,2,29.0,429
Pierre-Emerick Aubameyang,10,4,87,1056,15,207.1,484.0,580.0,12,354,127.1,4,0,0,14.0,616
Pierre-Emile Højbjerg,0,0,77,2966,46,563.4,488.6,364.0,0,493,141.7,9,0,8,2.0,633
Rafael Camacho,0,0,0,0,0,0.0,0.0,0.0,0,0,0.0,0,0,0,0.0,641
Ragnar Klavan,1,0,121,2859,34,117.5,665.4,121.0,13,676,90.6,11,0,3,2.4,694
Raheem Sterling,25,31,378,5093,50,1526.5,1496.8,2658.0,30,1169,567.4,22,1,10,38.2,475
Rajiv van La Parra,3,0,74,2131,36,261.6,322.6,544.0,3,240,112.7,6,1,3,0.4,173
Ramadan Sobhi,2,3,87,2082,41,375.20000000000005,342.2,355.0,3,377,106.6,7,0,4,1.0,831
Ramiro Funes Mori,0,1,72,1662,21,64.9,375.4,135.0,4,379,57.6,7,0,1,1.4,274
Raphael Spiegel,0,0,0,0,0,0.0,0.0,0.0,0,0,0.0,0,0,0,0.2,591
Rayhaan Tulloch,0,0,0,0,0,0.0,0.0,0.0,0,0,0.0,0,0,0,0.7,577
Reece Burke,0,0,0,0,0,0.0,0.0,0.0,0,0,0.0,0,0,0,0.0,1130
Reece Oxford,0,0,1,4,0,0.0,3.0,0.0,0,2,0.3,0,0,0,0.3,1066
Reiss Nelson,0,0,5,144,3,29.7,12.0,11.0,0,23,5.3,0,0,0,0.0,489
Rekeem Harper,0,0,1,20,0,20.4,6.6,0.0,0,6,2.7,0,0,0,0.0,1121
Renato Sanches,0,0,20,699,10,135.0,71.8,64.0,0,83,27.0,2,0,1,0.3,535
Rene Gilmartin,0,0,0,0,0,0.0,0.0,0.0,0,0,0.0,0,0,0,0.0,683
Rhian Brewster,0,0,0,0,0,0.0,0.0,0.0,0,0,0.0,0,0,0,0.0,666
Richarlison de Andrade,5,8,125,2817,54,384.7,497.0,1217.0,4,304,209.3,8,0,4,6.5,501
Rickie Lambert,0,0,1,13,0,11.0,3.6,40.0,0,3,5.5,0,0,0,0.1,447
Ritchie de Laet,0,0,0,0,0,0.0,0.0,0.0,0,0,0.0,0,0,0,0.1,171
Riyad Mahrez,18,17,315,5774,99,1726.1,1539.0,1830.0,28,1119,510.40000000000003,18,0,6,16.4,375
Rob Holding,0,1,59,1629,25,88.5,384.2,124.0,4,367,59.7,7,0,6,4.0,495
Robbie Brady,2,7,95,1996,23,730.9,425.0,337.0,11,359,148.9,7,0,4,0.6000000000000001,727
Robert Elliot,0,0,57,1440,21,0.0,364.2,0.0,4,280,36.5,3,0,0,13.6,286
Robert Green,0,0,0,0,0,0.0,0.0,0.0,0,0,0.0,0,0,0,0.2,547
Robert Huth,2,2,88,2926,49,69.4,701.0,477.0,1,479,124.9,9,0,9,1.9000000000000001,367
Robert Kenedy Nunes do Nascimento,2,2,54,1113,12,235.9,238.20000000000002,299.0,5,179,77.4,6,0,1,2.0,204
Robert Snodgrass,7,6,133,2548,56,1050.1,550.2,538.0,16,503,212.3,3,0,2,6.8999999999999995,603
Roberto Firmino,26,19,361,5822,71,1961.8,1820.6,2910.0,46,1397,669.5999999999999,27,0,6,44.900000000000006,444
Roberto Pereyra,7,6,124,2646,51,609.9000000000001,514.0,613.0,7,485,173.5,4,1,5,0.4,954
Rolando Aarons,0,0,5,136,2,8.1,12.0,25.0,0,19,4.6,0,0,0,0.1,467
Romelu Lukaku,41,13,383,6132,68,1273.8,2002.6,3004.0,51,1417,627.3,27,0,7,54.1,428
Ron-Robert Zieler,0,0,17,754,16,0.0,136.0,2.0,0,119,13.9,1,0,0,0.3,166
Roque Mesa,0,0,18,753,16,85.7,89.0,34.0,0,125,20.9,2,0,3,0.4,370
Ross Barkley,5,11,147,3029,40,1272.3,713.4,1018.0,11,545,300.40000000000003,12,0,5,6.8,283
Rouwen Hennings,0,0,0,0,0,0.0,0.0,0.0,0,0,0.0,0,0,0,0.0,71
Ruben Loftus-Cheek,2,5,83,1906,30,380.9,383.0,512.0,2,353,127.9,6,0,1,3.6,196
Rudy Gestede,1,0,21,533,12,148.4,79.4,254.0,0,80,48.1,1,0,3,0.1,629
Ryan Allsop,0,0,3,90,1,0.0,33.8,0.0,0,17,3.4,0,0,0,0.1,600
Ryan Bertrand,2,10,226,5642,85,1031.5,1032.6,541.0,13,1128,260.8,20,0,5,9.1,603
Ryan Fraser,8,12,197,3767,70,1183.1,831.2,745.0,21,735,275.7,9,0,3,1.9,583
Ryan Mason,1,0,26,927,27,149.6,116.0,137.0,0,126,39.8,0,0,4,0.0,396
Ryan Shawcross,2,3,161,5521,93,91.8,1388.2,671.0,8,905,215.3,14,0,8,2.5,648
Sadio Mané,23,15,303,4431,50,1399.8000000000002,1404.4,2038.0,22,1001,484.0,23,1,7,16.3,442
Saido Berahino,0,1,46,1446,26,125.3,78.8,448.0,0,92,63.7,6,0,1,0.8,797
Salomón Rondón,15,6,221,5657,92,817.5,866.5999999999999,2321.0,15,558,397.4,12,0,6,5.300000000000001,884
Sam Baldock,0,0,2,30,1,0.8,0.4,6.0,0,4,0.7,0,0,0,0.0,73
Sam Byram,0,1,34,1495,34,155.8,273.2,108.0,2,239,53.9,3,1,6,0.4,902
Sam Clucas,6,2,162,5225,105,614.3,844.5999999999999,638.0,8,814,208.7,10,1,11,0.6000000000000001,675
Sam Field,1,0,32,809,8,113.8,118.80000000000001,98.0,2,120,33.0,5,0,5,0.1,944
Sam Hughes,0,0,0,0,0,0.0,0.0,0.0,0,0,0.0,0,0,0,0.0,645
Sam McQueen,0,1,37,758,11,92.6,153.0,33.0,2,181,28.0,2,0,0,0.2,906
Sam Surridge,0,0,0,0,0,0.0,0.0,0.0,0,0,0.0,0,0,0,0.0,679
Sam Vokes,14,6,184,3041,50,376.1,708.4,1291.0,19,564,235.7,7,0,3,5.300000000000001,158
Samir Nasri,0,0,1,16,0,12.3,4.8,41.0,0,0,5.8,0,0,0,0.2,229
Samuel Shashoua,0,0,0,0,0,0.0,0.0,0.0,0,0,0.0,0,0,0,0.0,672
Sandro Ramírez,0,0,10,275,7,28.3,8.8,67.0,0,21,9.8,1,0,0,0.4,160
Santiago Cazorla,2,2,38,618,5,221.7,198.2,89.0,5,159,50.8,4,0,2,1.5,32
Scott Arfield,3,4,125,3433,51,676.7,443.4,639.0,9,438,175.8,12,0,6,0.30000000000000004,145
Scott Dann,4,1,93,3186,62,135.39999999999998,801.2,694.0,4,521,163.0,3,0,6,2.4,222
Scott Malone,0,1,41,1110,23,146.8,221.6,97.0,4,211,46.5,3,0,3,0.2,462
Scott McTominay,0,0,24,726,3,72.7,100.4,28.0,0,112,20.0,5,0,3,0.8,950
Sead Haksabanovic,0,0,0,0,0,0.0,0.0,0.0,0,0,0.0,0,0,0,0.0,526
Sead Kolasinac,2,4,108,2146,30,334.9,443.2,404.0,6,510,118.3,10,0,3,6.1,13
Seamus Coleman,4,5,172,3351,40,422.59999999999997,823.6,366.0,15,746,161.5,14,0,3,4.5,265
Sean Scannell,0,0,0,0,0,0.0,0.0,0.0,0,0,0.0,0,0,0,0.0,180
Sebastian Larsson,0,3,40,1468,35,402.5,206.0,109.0,0,219,71.4,3,1,4,0.0,349
Sebastian Prödl,1,2,109,4336,78,137.2,900.4,391.0,3,708,143.1,10,1,15,1.0,809
Serge Aurier,2,2,77,1427,13,236.5,367.2,209.0,9,335,81.4,6,1,1,0.7,532
Serge Gnabry,0,0,0,0,0,0.0,0.0,0.0,0,0,0.0,0,0,0,0.0,19
Sergio Agüero,41,11,344,4364,42,1089.0,1838.1999999999998,3337.0,54,1380,626.4,21,1,6,28.3,496
Sergio Romero,0,0,30,270,0,0.0,103.6,0.0,3,106,10.3,3,0,0,0.8999999999999999,504
Shane Duffy,0,2,100,3292,52,98.9,1027.6,361.0,7,614,148.9,10,0,8,2.9,56
Shane Long,5,4,110,2832,51,533.5,437.2,1096.0,2,326,204.7,6,0,8,3.5,638
Shaun MacDonald,0,0,0,0,0,0.0,0.0,0.0,0,0,0.0,0,0,0,0.1,41
Shaun Maloney,1,2,24,283,7,70.4,104.6,58.0,2,86,23.4,1,0,0,0.5,162
Shay Given,0,0,13,450,14,0.0,144.8,0.0,3,92,14.4,0,0,1,0.4,315
Shinji Okazaki,9,4,139,2879,45,490.1,528.8,979.0,10,495,198.3,12,0,3,4.5,397
Shkodran Mustafi,5,3,199,4546,60,289.6,1434.8000000000002,566.0,21,1123,229.4,18,0,17,5.6,567
Siem de Jong,0,0,0,0,0,0.0,0.0,0.0,0,0,0.0,0,0,0,0.1,466
Simon Francis,0,2,145,5646,101,709.5999999999999,1475.0,293.0,10,1130,248.3,14,2,12,2.7,63
Simon Mignolet,0,0,177,4230,54,0.0,742.2,0.0,7,835,74.0,16,0,3,4.6,401
Simone Zaza,0,0,10,459,14,112.4,16.4,207.0,0,21,32.9,2,0,2,0.1,550
Sofiane Boufal,3,3,95,2310,46,680.2,486.4,662.0,3,375,182.3,4,0,6,0.30000000000000004,873
Sofiane Feghouli,3,3,55,1042,23,320.2,268.0,262.0,4,220,84.9,1,1,1,0.7,921
Solomon March,1,3,74,1838,29,320.9,357.4,316.0,3,303,99.8,6,0,3,0.2,66
Stefano Okaka,5,1,67,1401,32,271.6,272.0,639.0,4,209,116.89999999999999,4,0,7,0.4,970
Stephen Ireland,0,0,4,128,4,17.8,14.4,11.0,0,13,4.3,0,0,1,0.0,917
Stephen Kingsley,0,0,29,1036,20,106.8,140.2,15.0,2,192,26.2,3,0,0,8.9,720
Stephen Ward,2,2,193,5690,80,680.8,1143.0,210.0,12,1080,203.7,17,0,6,10.1,135
Steve Cook,4,1,195,6184,120,131.8,1993.0,662.0,26,1272,278.79999999999995,15,0,10,4.300000000000001,65
Steve Mandanda,0,0,19,810,17,0.0,182.8,0.0,0,120,18.2,0,0,0,1.9,102
Steve Mounie,7,2,92,1849,32,270.7,377.0,600.0,12,269,124.5,6,0,2,1.7,188
Steve Sidwell,0,0,0,0,0,0.0,0.0,0.0,0,0,0.0,0,0,0,0.2,65
Steven Berghuis,0,0,0,0,0,0.0,0.0,0.0,0,0,0.0,0,0,0,0.0,832
Steven Davis,3,5,148,4158,58,923.8,782.8,505.0,6,787,221.4,14,0,3,1.8,621
Steven Defour,2,4,116,3066,30,697.2,603.0,213.0,6,598,151.7,17,0,7,0.5,610
Steven Pienaar,0,0,15,802,13,134.4,90.8,98.0,0,77,32.3,2,1,5,0.0,533
Stewart Downing,1,3,77,2214,39,566.9,324.6,283.0,3,364,117.7,7,0,1,0.4,282
Stuart Taylor,0,0,0,0,0,0.0,0.0,0.0,0,0,0.0,0,0,0,0.5,1103
Sullay Kaikai,0,0,2,37,0,2.1,5.2,4.0,0,6,1.1,0,0,0,0.1,1009
Sung-yueng Ki,2,3,114,3156,57,549.0,467.6,229.0,9,560,124.1,9,0,5,1.0,735
Sébastien Pocognoli,0,0,0,0,0,0.0,0.0,0.0,0,0,0.0,0,0,0,0.2,434
Takuma Asano,0,0,0,0,0,0.0,0.0,0.0,0,0,0.0,0,0,0,0.0,28
Tammy Abraham,5,3,86,1715,31,182.6,269.2,693.0,11,238,114.2,4,0,0,3.4,374
Tashan Oakley-Boothe,0,0,0,0,0,0.0,0.0,0.0,0,0,0.0,0,0,0,0.0,531
Tendayi Darikwa,0,0,0,0,0,0.0,0.0,0.0,0,0,0.0,0,0,0,0.1,60
Terence Kongolo,0,0,30,1047,14,52.2,268.0,47.0,2,182,36.7,2,0,0,0.0,591
Theo Walcott,13,6,184,3130,43,515.4,858.4,1429.0,10,606,280.0,12,0,3,6.300000000000001,28
Thibaud Verlinden,0,0,0,0,0,0.0,0.0,0.0,0,0,0.0,0,0,0,0.0,599
Thibaut Courtois,0,0,277,6390,62,0.0,1066.6,0.0,4,1258,107.2,31,0,3,24.4,167
Thomas Edwards,0,0,6,481,15,23.0,93.4,10.0,0,81,12.7,0,0,0,0.3,1204
Thomas Robson,0,0,0,0,0,0.0,0.0,0.0,0,0,0.0,0,0,0,0.1,537
Tiemoué Bakayoko,2,2,77,2121,24,279.5,415.4,434.0,5,346,113.2,11,1,3,1.2,463
Tim Krul,0,0,0,0,0,0.0,0.0,0.0,0,0,0.0,0,0,0,0.8,540
Timothy Fosu-Mensah,0,0,48,1689,29,106.60000000000001,339.40000000000003,51.0,3,315,49.8,3,0,2,1.2,522
Toby Alderweireld,1,0,163,3778,30,170.0,867.5999999999999,413.0,7,858,145.39999999999998,19,0,4,14.6,759
Tokelo Rantie,0,0,0,0,0,0.0,0.0,0.0,0,0,0.0,0,0,0,0.3,50
Tom Carroll,1,6,137,3951,57,1016.8,706.6,258.0,10,674,198.5,12,0,4,7.1,764
Tom Cleverley,1,5,113,3748,73,902.9000000000001,587.4,217.0,3,594,170.8,9,1,5,0.5,543
Tom Davies,4,5,129,3436,41,453.29999999999995,501.8,426.0,3,471,136.7,14,0,11,2.6999999999999997,668
Tom Heaton,0,0,157,3455,52,30.3,1055.0,0.0,21,789,108.5,10,0,1,20.3,128
Tom Huddlestone,1,2,62,2025,47,300.3,344.4,130.0,5,348,77.6,4,1,5,0.2,160
Tom Ince,2,1,82,2450,39,331.3,253.0,794.0,3,269,138.0,7,0,0,0.4,182
Tomer Hemed,2,2,43,842,8,66.1,152.0,227.0,5,110,44.2,3,0,0,1.0,72
Tommie Hoban,0,0,0,0,0,0.0,0.0,0.0,0,0,0.0,0,0,0,0.2,480
Tommy Smith,0,1,50,1902,31,251.6,322.0,50.0,2,311,62.8,5,0,7,0.2,166
Trent Alexander-Arnold,1,2,91,1740,19,419.4,390.59999999999997,190.0,10,417,100.19999999999999,8,0,3,5.5,746
Trevoh Chalobah,0,0,0,0,0,0.0,0.0,0.0,0,0,0.0,0,0,0,0.0,632
Troy Deeney,15,6,203,4780,82,905.3,960.4,1466.0,25,682,332.1,12,1,8,5.6,842
Tyias Browning,0,0,0,0,0,0.0,0.0,0.0,0,0,0.0,0,0,0,2.0,130
Tyrese Campbell,0,0,4,75,2,2.6,13.0,28.0,0,11,4.4,0,0,0,0.5,628
Tyrone Mings,0,0,7,707,21,33.1,172.0,55.0,2,129,26.099999999999998,0,0,1,0.2,71
Uwe Hünemeier,0,0,1,17,1,0.3,7.0,2.0,0,5,0.9,0,0,0,5.6,57
Valon Behrami,0,0,48,2030,39,101.9,208.2,24.0,0,258,33.6,5,0,7,0.30000000000000004,830
Vicente Iborra,3,0,58,1411,23,131.6,341.6,150.0,6,293,62.3,3,0,0,0.1,208
Victor Anichebe,3,1,48,1219,21,195.3,210.4,505.0,5,166,90.4,3,0,2,2.2,575
Victor Lindelöf,0,0,47,1284,14,37.7,272.8,8.0,1,297,32.0,5,0,1,1.3,273
Victor Moses,6,9,236,4594,35,814.3,945.6,1165.0,15,962,292.6,28,0,7,5.1,194
Victor Wanyama,5,2,135,3849,36,582.8,815.6,557.0,8,752,195.5,14,0,12,3.1999999999999997,789
Viktor Fischer,0,3,25,438,6,121.7,82.6,165.0,0,91,37.0,1,0,0,0.2,289
Vincent Janssen,2,3,56,846,8,241.3,158.0,501.0,3,136,89.4,3,0,0,0.9,800
Vincent Kompany,4,1,117,2214,17,109.4,648.6,239.0,8,553,99.80000000000001,11,0,11,6.1,466
Virgil van Dijk,1,0,153,4105,51,203.7,1147.2,509.0,19,916,186.2,15,1,4,12.6,614
Vito Mannone,0,0,34,810,19,0.0,247.0,0.0,6,187,24.8,2,0,0,0.6,339
Víctor Valdés,0,0,102,2520,36,0.3,607.6,2.0,10,493,61.0,8,0,1,4.3,274
Wahbi Khazri,1,0,31,849,21,332.2,112.2,203.0,3,96,64.9,1,0,6,0.1,352
Wayne Hennessey,0,0,191,5040,87,41.1,1204.1999999999998,0.0,15,1003,124.6,14,0,2,6.2,215
Wayne Rooney,15,8,189,3805,49,1167.5,979.2,1083.0,29,802,322.6,13,0,13,11.700000000000001,430
Wayne Routledge,3,2,91,2337,53,524.2,329.8,431.0,2,285,128.1,6,0,2,0.4,729
Wes Morgan,1,1,124,5247,97,110.4,1010.0,442.0,1,750,156.5,10,0,7,13.200000000000001,358
Wesley Hoedt,0,2,74,2520,42,130.9,661.6,146.0,11,532,93.8,5,0,7,0.1,525
Wilfred Ndidi,2,7,137,4417,73,324.5,954.0,656.0,6,737,193.60000000000002,13,2,6,1.1,834
Wilfried Bony,4,1,62,1385,20,187.5,222.0,482.0,6,195,88.3,5,0,3,0.7,782
Wilfried Zaha,16,18,285,5568,87,1323.3,1408.4,1990.0,21,885,472.2,17,0,13,22.5,237
Will Hughes,2,3,53,987,16,267.0,238.6,136.0,5,190,64.3,4,0,0,0.3,416
Will Keane,0,0,8,280,10,50.1,2.8,39.0,0,9,8.3,1,0,0,0.2,557
Willian Borges Da Silva,14,11,244,3408,38,1700.9,1131.4,1237.0,26,963,406.6,15,0,4,16.1,192
Willy Caballero,0,0,75,1722,17,0.0,321.8,0.0,1,349,32.3,7,0,0,3.9,315
Winston Reid,2,3,144,4039,75,153.2,1116.0,205.0,19,886,147.6,14,1,13,3.0,895
Xherdan Shaqiri,12,11,235,4738,79,1824.5,1011.6,1129.0,27,829,396.79999999999995,14,0,7,11.6,675
Yannick Bolasie,2,5,80,1896,28,435.7,336.6,456.0,3,252,122.6,6,0,3,1.9,256
Yaya Sanogo,0,0,0,0,0,0.0,0.0,0.0,0,0,0.0,0,0,0,0.1,27
Yoan Gouffran,0,0,0,0,0,0.0,0.0,0.0,0,0,0.0,0,0,0,0.0,297
Yohan Benalouane,0,0,28,1007,17,23.3,183.0,72.0,0,163,28.0,4,0,4,1.1,369
Yohan Cabaye,4,8,164,4499,77,1322.0,858.5999999999999,826.0,9,826,300.3,15,0,14,1.3,247
Younes Kaboul,2,0,64,2061,39,32.4,490.59999999999997,245.0,1,377,76.8,5,0,2,0.7,739
Zachary Dearnley,0,0,0,0,0,0.0,0.0,0.0,0,0,0.0,0,0,0,0.0,673
Zlatan Ibrahimovic,17,7,168,2540,24,818.5,822.5999999999999,1762.0,28,558,339.90000000000003,11,0,7,23.0,795
Álvaro Arbeloa,0,0,0,258,9,32.5,37.0,3.0,0,34,7.3,0,0,3,0.1,568
Álvaro Morata,11,6,122,2055,19,478.9,620.6,1192.0,13,356,228.8,11,0,7,7.6,472
Álvaro Negredo,9,5,130,2872,45,454.9,542.4,1078.0,17,436,207.1,10,0,5,10.9,478
